[0. 0. 0.],[0. 0. 0.],[0. 0. 0.],[0. 0. 0.],[0. 0. 0.],[0. 0. 0.],[0. 0. 0.],[0. 0. 0.],[166.50237     87.50856      0.45395613],[173.51323     85.491        0.46006787],[208.48524   138.48454     0.5743395],[233.50577    191.49539      0.55365074],[159.50504    89.49109     0.3951571],[136.49721   135.4975      0.3425932],[ 70.50684    186.51816      0.28440174],[0. 0. 0.],[0. 0. 0.],[0. 0. 0.],[0. 0. 0.],[1.8493128e+01 1.9748918e+02 1.0288438e-01],[2.4497438e+01 1.9951129e+02 9.7792938e-02],[ 67.48119    188.5163       0.20820534],[209.50868   200.50119     0.6262753],[212.4986     197.51758      0.58022153],[239.51457    197.50008      0.42113706]
[199.62248    338.5874       0.52473557],[184.58575    270.99207      0.34351045],[2.1275244e+02 2.6160382e+02 2.5209701e-01],[1.1319843e+02 3.4800635e+02 1.2966581e-01],[6.8156708e+01 4.0435486e+02 2.6879436e-01],[152.6654    263.49124     0.3416969],[105.709984   342.3711       0.61651564],[ 36.16981   408.1057      0.6352309],[280.385     135.73608     0.6494458],[274.74536    162.05074      0.54254484],[349.8609     255.98631      0.65041214],[415.64914   376.186       0.6609006],[291.6469   111.304985   0.692659],[372.4178    248.43658     0.8247358],[455.0661    383.70032     0.7695301],[0. 0. 0.],[1.7333446e+02 3.4235922e+02 2.8454232e-01],[0. 0. 0.],[165.79755    310.41794      0.38470793],[402.49832   409.9828      0.6371051],[417.52335   411.8605      0.5898496],[464.4812   393.0678     0.683431],[376.18472   404.33936     0.5897469],[378.05405    396.82355      0.53038496],[4.2880984e+02 3.8558447e+02 4.0731788e-01]
[0. 0. 0.],[0. 0. 0.],[0. 0. 0.],[0. 0. 0.],[0. 0. 0.],[0. 0. 0.],[0. 0. 0.],[0. 0. 0.],[167.49423    87.49287     0.4851541],[175.48534     85.4936       0.48105276],[208.48444   137.50528     0.5771699],[233.5119     191.5013       0.55457675],[160.50047     87.51172      0.42921716],[135.51056    135.50853      0.36788768],[ 70.50175   187.47612     0.2946709],[0. 0. 0.],[0. 0. 0.],[0. 0. 0.],[0. 0. 0.],[1.8493347e+01 1.9748924e+02 1.0292688e-01],[2.4497480e+01 1.9951096e+02 9.7867094e-02],[ 67.48174    188.51399      0.21782064],[209.50206  200.50133    0.626988],[212.49565    197.51988      0.58118916],[239.51555   197.50294     0.4228727]
[199.62279    338.58737      0.52470416],[184.58437   270.99243     0.3432927],[2.1274835e+02 2.6160413e+02 2.5060022e-01],[1.1319807e+02 3.4800748e+02 1.2978323e-01],[6.8156769e+01 4.0435471e+02 2.6893133e-01],[152.66606   263.49045     0.3416195],[105.70994   342.37103     0.6164849],[ 36.169758   408.1057       0.63522613],[278.52194   135.73741     0.6334045],[272.87662    162.03793      0.51934755],[349.88095   257.83646     0.6125786],[415.6384    376.17828     0.6539016],[291.6342     111.309616     0.68596447],[370.59164   248.42584     0.8128869],[453.21307   383.69366     0.7730666],[0. 0. 0.],[1.7333424e+02 3.4235962e+02 2.8441501e-01],[0. 0. 0.],[165.79771    310.41882      0.38406107],[402.4831    409.98474     0.6332421],[417.51202   411.86426     0.5868345],[466.3276    393.08176     0.6924012],[376.18124    404.34515      0.58476585],[376.20673   396.82895     0.5227871],[4.2878644e+02 3.8557486e+02 3.9360556e-01]
[199.62248    338.5874       0.52473557],[184.58575    270.99207      0.34351045],[2.1275244e+02 2.6160382e+02 2.5209701e-01],[1.1319843e+02 3.4800635e+02 1.2966581e-01],[6.8156708e+01 4.0435486e+02 2.6879436e-01],[152.6654    263.49124     0.3416969],[105.709984   342.3711       0.61651564],[ 36.16981   408.1057      0.6352309],[280.385     135.73608     0.6494458],[274.74536    162.05074      0.54254484],[349.8609     255.98631      0.65041214],[415.64914   376.186       0.6609006],[291.6469   111.304985   0.692659],[372.4178    248.43658     0.8247358],[455.0661    383.70032     0.7695301],[0. 0. 0.],[1.7333446e+02 3.4235922e+02 2.8454232e-01],[0. 0. 0.],[165.79755    310.41794      0.38470793],[402.49832   409.9828      0.6371051],[417.52335   411.8605      0.5898496],[464.4812   393.0678     0.683431],[376.18472   404.33936     0.5897469],[378.05405    396.82355      0.53038496],[4.2880984e+02 3.8558447e+02 4.0731788e-01]
[199.62279    338.58737      0.52470416],[184.58437   270.99243     0.3432927],[2.1274835e+02 2.6160413e+02 2.5060022e-01],[1.1319807e+02 3.4800748e+02 1.2978323e-01],[6.8156769e+01 4.0435471e+02 2.6893133e-01],[152.66606   263.49045     0.3416195],[105.70994   342.37103     0.6164849],[ 36.169758   408.1057       0.63522613],[278.52194   135.73741     0.6334045],[272.87662    162.03793      0.51934755],[349.88095   257.83646     0.6125786],[415.6384    376.17828     0.6539016],[291.6342     111.309616     0.68596447],[370.59164   248.42584     0.8128869],[453.21307   383.69366     0.7730666],[0. 0. 0.],[1.7333424e+02 3.4235962e+02 2.8441501e-01],[0. 0. 0.],[165.79771    310.41882      0.38406107],[402.4831    409.98474     0.6332421],[417.51202   411.86426     0.5868345],[466.3276    393.08176     0.6924012],[376.18124    404.34515      0.58476585],[376.20673   396.82895     0.5227871],[4.2878644e+02 3.8557486e+02 3.9360556e-01]
[199.62274   338.58795     0.5256747],[184.58463    270.9955       0.34386563],[2.1275171e+02 2.6160431e+02 2.5124404e-01],[1.1319776e+02 3.4800821e+02 1.3001606e-01],[6.8156815e+01 4.0435522e+02 2.6930600e-01],[152.65166    265.34476      0.34197414],[105.70969   342.3715      0.6172689],[ 36.16998   408.10562     0.6361424],[280.37964    135.73973      0.64053994],[274.7356    162.0437      0.5247563],[349.87216   255.97797     0.6254304],[415.63342   376.181       0.6578356],[291.64175   111.30751     0.6900324],[370.58997    248.42435      0.81562006],[453.21155    381.84656      0.79123175],[0. 0. 0.],[1.7333415e+02 3.4235986e+02 2.8537959e-01],[0. 0. 0.],[165.79721    310.4189       0.38406497],[402.47437   409.98276     0.6326077],[417.51035   411.8533      0.6022678],[466.34344   393.09268     0.7187574],[376.17365   404.34225     0.5828332],[376.19647   396.83133     0.5215591],[4.2875351e+02 3.8559174e+02 3.7568170e-01]
[199.62271   338.5881      0.5256693],[184.58467   270.99506     0.3439482],[2.1275240e+02 2.6160379e+02 2.5136936e-01],[1.1319783e+02 3.4800790e+02 1.3000475e-01],[6.815679e+01 4.043551e+02 2.693404e-01],[152.65237   265.34387     0.3422713],[105.70975   342.37146     0.6173059],[ 36.169952 408.10562    0.636153],[280.38052    135.74092      0.64306545],[274.73846    162.04813      0.52876616],[349.87134   255.98276     0.6316156],[415.63467   376.183       0.6586164],[291.6429    111.309006    0.6915667],[370.58932    248.4279       0.81936085],[453.21463   381.84653     0.7893748],[0. 0. 0.],[1.7333432e+02 3.4235968e+02 2.8552157e-01],[0. 0. 0.],[165.79749    310.4187       0.38450456],[402.4802    409.98196     0.6325251],[417.5147    411.85275     0.6020773],[466.35135    393.08838      0.71973944],[376.179      404.3435       0.58597827],[376.20297   396.83295     0.5244715],[4.2875580e+02 3.8559143e+02 3.7912187e-01]
[199.62326    338.5881       0.52403295],[184.58174    270.9962       0.33818704],[2.1275430e+02 2.6160196e+02 2.4145745e-01],[1.1319789e+02 3.4800668e+02 1.2521650e-01],[6.8161324e+01 4.0435397e+02 2.6823613e-01],[152.65309    265.34354      0.34178203],[105.710724 342.37067    0.618341],[ 36.1703   408.1053     0.636553],[280.38565    135.73227      0.64493155],[274.74298   162.04384     0.5350168],[349.86432   255.97841     0.6199578],[415.62698   376.1894      0.6439662],[291.64856 111.30235   0.69339],[370.59003    248.42679      0.82006407],[455.05133   383.67435     0.7820121],[0. 0. 0.],[1.7333463e+02 3.4236029e+02 2.8447512e-01],[0. 0. 0.],[165.79697   310.41748     0.3799721],[402.48303    409.9875       0.61981237],[417.50827   411.857       0.5944586],[468.21494   393.0909      0.7406353],[376.18008    404.34314      0.58106416],[376.20474    396.8326       0.52233934],[4.2874268e+02 3.8559647e+02 3.6431488e-01]
[199.62328   338.58813     0.5240231],[184.58174    270.99625      0.33817455],[2.1275435e+02 2.6160199e+02 2.4144518e-01],[1.13197914e+02 3.48006714e+02 1.25216246e-01],[6.8161324e+01 4.0435394e+02 2.6822928e-01],[152.65309    265.3435       0.34179464],[105.71073   342.37064     0.6183398],[ 36.1703    408.10532     0.6365524],[280.38586    135.73184      0.64500904],[274.7431     162.04369      0.53515697],[349.86444   255.97935     0.6206757],[415.62823   376.19025     0.6439245],[291.64877   111.3019      0.6934277],[370.59058   248.42807     0.8207822],[455.0518     383.67468      0.78208745],[0. 0. 0.],[1.7333464e+02 3.4236035e+02 2.8446689e-01],[0. 0. 0.],[165.79692    310.41733      0.37996757],[402.48315  409.98773    0.620446],[417.5087     411.85715      0.59486866],[468.21637    393.09048      0.74106026],[376.1802    404.34354     0.5809345],[376.2051     396.83267      0.52223945],[4.2874457e+02 3.8559662e+02 3.6439642e-01]
[199.62325    338.58862      0.52397513],[184.5818    270.9965      0.3381694],[2.1275661e+02 2.6160226e+02 2.4116327e-01],[1.1319787e+02 3.4800638e+02 1.2576135e-01],[6.8161026e+01 4.0435400e+02 2.6841733e-01],[152.65215    265.34384      0.34144428],[105.71082   342.37073     0.6177079],[ 36.170193  408.10538     0.6360708],[280.38663   135.73087     0.6453431],[274.74377    162.04346      0.53621817],[349.8651     255.98032      0.62235534],[415.62723    376.19162      0.64472765],[291.64722    109.47203      0.69356525],[370.59232  248.42908    0.822001],[455.0522    383.6754      0.7833495],[0. 0. 0.],[1.7333470e+02 3.4236026e+02 2.8440586e-01],[0. 0. 0.],[165.79683    310.41757      0.38001543],[402.48535    409.98773      0.62282187],[417.51022   411.85724     0.5960782],[468.21622   393.09088     0.7433648],[376.18213   404.3427      0.5807829],[376.20746    396.83224      0.52195436],[4.2874219e+02 3.8559720e+02 3.6600944e-01]
[199.62314   338.58847     0.5239751],[184.5818     270.9964       0.33816284],[2.1275664e+02 2.6160220e+02 2.4121405e-01],[1.1319784e+02 3.4800623e+02 1.2575623e-01],[6.8161003e+01 4.0435388e+02 2.6841128e-01],[152.65215   265.3438      0.3414313],[105.7108    342.3706      0.6177096],[ 36.1702     408.10544      0.63607097],[280.38705    135.73091      0.64544845],[274.74518    162.0435       0.53621507],[349.8654    255.98067     0.6227719],[415.62726    376.19125      0.64498866],[291.6491     111.30139      0.69367814],[372.40677    248.43289      0.82208073],[455.05255    383.67667      0.78367674],[0. 0. 0.],[1.7333472e+02 3.4236041e+02 2.8440458e-01],[0. 0. 0.],[165.79684    310.41757      0.38003188],[402.48468   409.9878      0.6232629],[417.50992   411.85797     0.5964094],[468.2171    393.0908      0.7440022],[376.18314   404.34216     0.5808304],[376.20828    396.83182      0.52199614],[4.2874271e+02 3.8559662e+02 3.6578789e-01]
[199.62279   338.5887      0.5247048],[184.58182    270.9963       0.34007108],[2.1275624e+02 2.6160287e+02 2.4349728e-01],[1.1320052e+02 3.4800644e+02 1.2738198e-01],[6.8160362e+01 4.0435397e+02 2.6982784e-01],[152.664      263.4927       0.34362406],[105.71078   342.37045     0.6186192],[ 36.170166  408.1052      0.6367897],[280.38       133.88528      0.64316493],[274.74567   162.04166     0.5330831],[349.86597    255.97986      0.62814945],[415.62524    376.1914       0.65266854],[291.64716   109.4721      0.6929177],[372.40692  248.4332     0.820493],[455.0516    383.67572     0.7797952],[0. 0. 0.],[1.7333426e+02 3.4236023e+02 2.8485018e-01],[0. 0. 0.],[165.79645    310.41763      0.38209516],[402.48386    409.98703      0.62266517],[417.50793    411.85748      0.59768987],[468.21826   393.09012     0.7409196],[376.1832    404.34216     0.5845889],[376.20853    396.83255      0.52505606],[4.2874408e+02 3.8559570e+02 3.7042895e-01]
[199.6228    338.5887      0.5247044],[184.58188    270.99637      0.34007084],[2.1275629e+02 2.6160287e+02 2.4349840e-01],[1.1320054e+02 3.4800650e+02 1.2738198e-01],[6.8160370e+01 4.0435397e+02 2.6982790e-01],[152.664      263.4927       0.34362406],[105.71078    342.37045      0.61861926],[ 36.170166  408.1052      0.6367897],[280.37997    133.8853       0.64315724],[274.7456   162.04166    0.533075],[349.866     255.97978     0.6282516],[415.62555    376.19147      0.65271264],[291.64886   111.30122     0.6929072],[372.4072     248.43332      0.82057095],[455.05225    383.6762       0.78000027],[0. 0. 0.],[1.7333427e+02 3.4236020e+02 2.8484955e-01],[0. 0. 0.],[165.79642    310.41766      0.38209563],[402.48407   409.98737     0.6226611],[417.508   411.85754   0.5977 ],[468.21832    393.09048      0.74120307],[376.18356   404.3423      0.5846997],[376.20877   396.83243     0.5251587],[4.2874411e+02 3.8559573e+02 3.7047142e-01]
[199.62268   338.58862     0.5250189],[184.5828     270.99625      0.34058094],[2.1275555e+02 2.6160257e+02 2.4403864e-01],[1.1319952e+02 3.4800650e+02 1.2726906e-01],[6.8160355e+01 4.0435382e+02 2.6981762e-01],[152.66513    263.49316      0.34301123],[105.71068    342.3704       0.61886615],[ 36.170197  408.10516     0.6368381],[280.37982    133.88525      0.64309335],[274.74557    162.04146      0.53258944],[349.86615    255.97986      0.62835175],[415.6256    376.19165     0.6525515],[291.6488    111.30144     0.6929132],[372.4076   248.4339     0.820799],[455.05292   383.67734     0.7806194],[0. 0. 0.],[1.7333475e+02 3.4236029e+02 2.8501084e-01],[0. 0. 0.],[165.79738   310.4176      0.3818274],[402.48462  409.98718    0.623219],[417.5077     411.85806      0.59807044],[468.21915    393.09073      0.74238026],[376.18402   404.34152     0.5848847],[376.20914   396.83188     0.5248076],[4.2874432e+02 3.8559470e+02 3.7085822e-01]
[199.62263   338.5886      0.5250178],[184.58278   270.99634     0.3405835],[2.1275558e+02 2.6160257e+02 2.4403781e-01],[1.1319949e+02 3.4800653e+02 1.2726918e-01],[6.8160385e+01 4.0435410e+02 2.6981813e-01],[152.66508   263.49313     0.3430132],[105.71067   342.37033     0.6188662],[ 36.1702    408.10522     0.6368381],[280.3798    133.88524     0.6431143],[274.74548   162.04144     0.5326121],[349.8663     255.98001      0.62833065],[415.62573   376.19165     0.6526425],[291.6489     111.30147      0.69292724],[372.4077     248.4339       0.82082236],[455.0529     383.6777       0.78061897],[2.0144496e+02 3.3485529e+02 2.6434177e-01],[1.7333478e+02 3.4236038e+02 2.8501245e-01],[0. 0. 0.],[165.79733    310.41757      0.38183016],[402.4848    409.98697     0.6233448],[417.50784   411.85803     0.5981585],[468.21957    393.0908       0.74255383],[376.18396   404.3414      0.5849314],[376.2092    396.83182     0.5248585],[4.2874454e+02 3.8559467e+02 3.7124297e-01]
[199.62305   338.5888      0.5243312],[184.58212    270.99667      0.33897212],[2.1275682e+02 2.6160260e+02 2.4213830e-01],[1.1319793e+02 3.4800723e+02 1.2668246e-01],[6.8159599e+01 4.0435455e+02 2.6865768e-01],[152.66457    263.49335      0.34214965],[105.71054   342.3705      0.6184241],[ 36.170113 408.10538    0.636429],[280.3803    133.88553     0.6423462],[274.74597    162.04169      0.53218913],[349.86667   255.97989     0.6278813],[415.62595    376.1921       0.65197706],[291.64877    111.30171      0.69198734],[372.4073     248.43341      0.81984055],[455.05347    383.67798      0.77975255],[2.0144510e+02 3.3485498e+02 2.6413924e-01],[1.7333461e+02 3.4236035e+02 2.8484488e-01],[0. 0. 0.],[165.79694    310.4179       0.38075468],[402.48505  409.98694    0.624062],[417.50854   411.85773     0.5991211],[468.21988   393.09085     0.7437631],[376.18457    404.3416       0.58451706],[376.20947    396.83224      0.52435994],[4.2874390e+02 3.8559583e+02 3.6982545e-01]
[199.62302   338.5888      0.5243311],[184.58215    270.9967       0.33897206],[2.1275677e+02 2.6160260e+02 2.4213827e-01],[1.1319793e+02 3.4800720e+02 1.2668246e-01],[6.8159599e+01 4.0435455e+02 2.6865765e-01],[152.66452    263.49338      0.34214976],[105.710526  342.37054     0.6184241],[ 36.17011  408.10538    0.636429],[280.38025    133.88551      0.64234537],[274.74594   162.04166     0.5321881],[349.8667    255.97989     0.6278868],[415.62595   376.19202     0.6519816],[291.64877   111.30173     0.6919869],[372.4072    248.43344     0.8198463],[455.0534   383.67792    0.779754],[2.0144508e+02 3.3485501e+02 2.6413912e-01],[1.7333467e+02 3.4236035e+02 2.8484482e-01],[0. 0. 0.],[165.79698    310.41794      0.38075486],[402.48505    409.987        0.62407273],[417.50854  411.85776    0.599128],[468.21985   393.091       0.7437669],[376.1846    404.34164     0.5845208],[376.20947    396.8322       0.52436423],[4.2874399e+02 3.8559592e+02 3.6983287e-01]
[199.62302   338.58878     0.5243517],[184.58209    270.99667      0.33897775],[2.1275664e+02 2.6160239e+02 2.4221691e-01],[1.1319800e+02 3.4800726e+02 1.2664813e-01],[6.8159615e+01 4.0435461e+02 2.6864684e-01],[152.66457  263.49338    0.342202],[105.71054   342.37057     0.6184789],[ 36.170124 408.1053     0.636475],[280.38034    133.88556      0.64249575],[274.74615   162.04184     0.5323631],[349.86658   255.97989     0.6280774],[415.62607  376.19217    0.652467],[291.64896    111.30166      0.69203496],[372.40723   248.43335     0.8199636],[455.05383   383.6782      0.7799532],[2.0144519e+02 3.3485489e+02 2.6417887e-01],[1.7333461e+02 3.4236041e+02 2.8480947e-01],[0. 0. 0.],[165.79697    310.4178       0.38069665],[402.4853   409.9871     0.623895],[417.50848   411.8578      0.5987665],[468.21997    393.09116      0.74401903],[376.18463   404.3417      0.5850594],[376.2096    396.83224     0.5245642],[4.2874426e+02 3.8559552e+02 3.7084928e-01]
[0. 0. 0.],[0. 0. 0.],[0. 0. 0.],[0. 0. 0.],[0. 0. 0.],[0. 0. 0.],[0. 0. 0.],[0. 0. 0.],[0. 0. 0.],[101.6032     141.44456      0.23984168],[ 74.20881    179.79921      0.21727166],[ 42.33898   219.14722     0.4002956],[0. 0. 0.],[0. 0. 0.],[0. 0. 0.],[0. 0. 0.],[0. 0. 0.],[0. 0. 0.],[0. 0. 0.],[0. 0. 0.],[0. 0. 0.],[0. 0. 0.],[ 60.263557  225.61897     0.4012239],[ 56.27769   226.61644     0.3582907],[ 37.843468  221.63824     0.4226775]
[0. 0. 0.],[0. 0. 0.],[0. 0. 0.],[0. 0. 0.],[0. 0. 0.],[0. 0. 0.],[0. 0. 0.],[0. 0. 0.],[0. 0. 0.],[101.6032     141.44461      0.23985158],[ 74.2088     179.79918      0.21727097],[ 42.338985  219.14726     0.4002956],[0. 0. 0.],[0. 0. 0.],[0. 0. 0.],[0. 0. 0.],[0. 0. 0.],[0. 0. 0.],[0. 0. 0.],[0. 0. 0.],[0. 0. 0.],[0. 0. 0.],[ 60.263565   225.61894      0.40122384],[ 56.27769    226.61642      0.35829064],[ 37.843468   221.63826      0.42267752]
[0. 0. 0.],[0. 0. 0.],[0. 0. 0.],[0. 0. 0.],[0. 0. 0.],[0. 0. 0.],[0. 0. 0.],[0. 0. 0.],[0. 0. 0.],[101.60323    141.4455       0.23999748],[ 74.20824    179.79984      0.22410455],[ 42.33936    219.14688      0.40270403],[0. 0. 0.],[0. 0. 0.],[0. 0. 0.],[0. 0. 0.],[0. 0. 0.],[0. 0. 0.],[0. 0. 0.],[0. 0. 0.],[0. 0. 0.],[0. 0. 0.],[ 60.26408    225.61891      0.40409398],[ 56.277798  226.61636     0.3611463],[ 37.843773   221.638        0.42506585]
[0. 0. 0.],[0. 0. 0.],[0. 0. 0.],[0. 0. 0.],[0. 0. 0.],[0. 0. 0.],[0. 0. 0.],[0. 0. 0.],[0. 0. 0.],[101.60325    141.44548      0.23992795],[ 74.20826    179.79985      0.22410789],[ 42.339363  219.14691     0.4027108],[0. 0. 0.],[0. 0. 0.],[0. 0. 0.],[0. 0. 0.],[0. 0. 0.],[0. 0. 0.],[0. 0. 0.],[0. 0. 0.],[0. 0. 0.],[0. 0. 0.],[ 60.264095  225.61899     0.4040981],[ 56.277805  226.61636     0.3611513],[ 37.843773   221.638        0.42507502]
[1.3945421e+02 2.0220583e+02 1.9606508e-01],[1.4044585e+02 1.8029716e+02 1.6794842e-01],[1.4692310e+02 1.8029320e+02 1.7484781e-01],[161.8606    209.16965     0.3748462],[184.7791    226.11133     0.4029276],[1.3895673e+02 1.8178951e+02 9.3962155e-02],[1.6287318e+02 2.0071523e+02 1.8315068e-01],[185.27397    216.65921      0.27434188],[ 99.61821    142.43945      0.24475977],[0. 0. 0.],[0. 0. 0.],[0. 0. 0.],[0. 0. 0.],[0. 0. 0.],[0. 0. 0.],[1.4543137e+02 1.9922218e+02 1.3404921e-01],[1.4095036e+02 2.0420290e+02 8.7237388e-02],[1.45928253e+02 1.94240189e+02 1.23087674e-01],[0. 0. 0.],[0. 0. 0.],[0. 0. 0.],[0. 0. 0.],[0. 0. 0.],[0. 0. 0.],[0. 0. 0.]
[1.3945421e+02 2.0220583e+02 1.9606520e-01],[1.4044588e+02 1.8029718e+02 1.6794813e-01],[1.4692310e+02 1.8029318e+02 1.7484792e-01],[161.86055    209.1697       0.37478623],[184.77917    226.11133      0.40277377],[1.3895670e+02 1.8178951e+02 9.3962416e-02],[1.6287320e+02 2.0071516e+02 1.8311161e-01],[185.2739     216.659        0.27408898],[ 99.61822   142.43948     0.2447589],[0. 0. 0.],[0. 0. 0.],[0. 0. 0.],[0. 0. 0.],[0. 0. 0.],[0. 0. 0.],[1.4543140e+02 1.9922221e+02 1.3404828e-01],[1.4095038e+02 2.0420285e+02 8.7237172e-02],[1.45928223e+02 1.94240204e+02 1.23082355e-01],[0. 0. 0.],[0. 0. 0.],[0. 0. 0.],[0. 0. 0.],[0. 0. 0.],[0. 0. 0.],[0. 0. 0.]
[1.3945586e+02 2.0220656e+02 2.0116803e-01],[1.4044809e+02 1.8079042e+02 1.7632078e-01],[146.92697    180.2943       0.18982232],[161.86069    209.16805      0.39375737],[184.77827    226.11133      0.41718265],[1.3895505e+02 1.8228705e+02 9.6857481e-02],[1.6335641e+02 2.0071962e+02 1.8800703e-01],[185.2725   216.65912    0.279588],[ 99.618355   142.4392       0.24644357],[0. 0. 0.],[0. 0. 0.],[0. 0. 0.],[0. 0. 0.],[0. 0. 0.],[0. 0. 0.],[1.4543330e+02 1.9971542e+02 1.4354928e-01],[0. 0. 0.],[1.4593008e+02 1.9424324e+02 1.3433300e-01],[0. 0. 0.],[0. 0. 0.],[0. 0. 0.],[0. 0. 0.],[0. 0. 0.],[0. 0. 0.],[0. 0. 0.]
[1.3945584e+02 2.0220650e+02 2.0113319e-01],[1.4044801e+02 1.8079028e+02 1.7635402e-01],[146.927      180.29424      0.18990223],[161.86072    209.16806      0.39373347],[184.77824    226.11131      0.41713867],[1.3895500e+02 1.8228703e+02 9.6874051e-02],[1.6335651e+02 2.0071956e+02 1.8823779e-01],[185.27258   216.65894     0.2797295],[ 99.61836    142.43922      0.24645993],[0. 0. 0.],[0. 0. 0.],[0. 0. 0.],[0. 0. 0.],[0. 0. 0.],[0. 0. 0.],[1.4543327e+02 1.9971545e+02 1.4348565e-01],[0. 0. 0.],[1.4593008e+02 1.9424329e+02 1.3433404e-01],[0. 0. 0.],[0. 0. 0.],[0. 0. 0.],[0. 0. 0.],[0. 0. 0.],[0. 0. 0.],[0. 0. 0.]
[139.4565     202.20651      0.20324779],[1.4044926e+02 1.8079091e+02 1.8018737e-01],[146.93054  180.29451    0.200391],[161.86078    209.1676       0.41418085],[184.77725   226.11115     0.4315045],[1.3845775e+02 1.8278506e+02 9.6609913e-02],[1.6335863e+02 2.0071989e+02 1.9540824e-01],[185.27135    216.65948      0.28759727],[ 99.61743   141.95314     0.2467228],[0. 0. 0.],[0. 0. 0.],[0. 0. 0.],[100.111176   140.44902      0.20009795],[ 72.21648   180.79695     0.3710652],[ 47.315155   214.16766      0.39478377],[1.4543298e+02 1.9971719e+02 1.4690471e-01],[0. 0. 0.],[1.4593037e+02 1.9424318e+02 1.3580914e-01],[0. 0. 0.],[ 66.24139    220.64081      0.36924064],[ 64.74951    219.13841      0.30625743],[3.9847755e+01 2.2013525e+02 1.7156826e-01],[0. 0. 0.],[0. 0. 0.],[0. 0. 0.]
[139.45653    202.20653      0.20324782],[1.4044923e+02 1.8079089e+02 1.8018842e-01],[146.93059    180.29448      0.20039183],[161.86076    209.16765      0.41417465],[184.77725   226.11119     0.4314541],[1.3845778e+02 1.8278510e+02 9.6609227e-02],[1.6335863e+02 2.0071985e+02 1.9541730e-01],[185.27124    216.65938      0.28757295],[ 99.617455   141.95316      0.24672364],[0. 0. 0.],[0. 0. 0.],[0. 0. 0.],[100.1112     140.44899      0.20009798],[ 72.216484   180.79695      0.37106517],[ 47.315147   214.16765      0.39478374],[1.4543300e+02 1.9971730e+02 1.4690545e-01],[0. 0. 0.],[1.4593037e+02 1.9424321e+02 1.3581450e-01],[0. 0. 0.],[ 66.241394   220.64081      0.36924067],[ 64.74951    219.13841      0.30625743],[3.9847752e+01 2.2013524e+02 1.7156826e-01],[0. 0. 0.],[0. 0. 0.],[0. 0. 0.]
[139.45671    202.20679      0.20378204],[140.44939    180.79085      0.18088073],[146.93095   180.29437     0.2017574],[161.86037    208.68906      0.41582322],[184.77711    226.11093      0.43330035],[1.3796135e+02 1.8278574e+02 9.6284680e-02],[1.6335910e+02 2.0071957e+02 1.9685164e-01],[185.27109    216.6594       0.28906548],[ 99.6184    142.43909     0.2466764],[0. 0. 0.],[0. 0. 0.],[0. 0. 0.],[100.11114   140.44902     0.2001302],[ 72.2165     180.79695      0.37114865],[ 47.31515    214.16762      0.39479676],[1.4543340e+02 1.9971730e+02 1.4765258e-01],[0. 0. 0.],[1.4593137e+02 1.9424283e+02 1.3730204e-01],[0. 0. 0.],[ 66.2414     220.64084      0.36924827],[ 64.74953   219.13838     0.3062744],[3.9847759e+01 2.2013525e+02 1.7156897e-01],[0. 0. 0.],[0. 0. 0.],[0. 0. 0.]
[139.45663    202.20676      0.20377427],[140.44939    180.7908       0.18091105],[146.93095    180.29436      0.20182273],[161.86037    208.68896      0.41569287],[184.77704    226.11087      0.43319646],[1.3796132e+02 1.8278574e+02 9.6249238e-02],[1.6335902e+02 2.0071960e+02 1.9683924e-01],[185.2712    216.65933     0.2888837],[ 99.61838    142.43913      0.24668886],[0. 0. 0.],[0. 0. 0.],[0. 0. 0.],[100.111115   140.44902      0.20013952],[ 72.21649   180.79695     0.3711479],[ 47.31515    214.16762      0.39479676],[1.4543335e+02 1.9971733e+02 1.4764892e-01],[0. 0. 0.],[1.4593137e+02 1.9424283e+02 1.3738467e-01],[0. 0. 0.],[ 66.24141    220.64085      0.36924887],[ 64.74954    219.13841      0.30627498],[3.9847759e+01 2.2013525e+02 1.7156899e-01],[0. 0. 0.],[0. 0. 0.],[0. 0. 0.]
[139.45673    202.2068       0.20410499],[140.44955    180.79083      0.18139799],[146.9312     180.29437      0.20246607],[161.86038   208.68909     0.4165876],[184.77707    226.11081      0.43418762],[1.3845746e+02 1.8278493e+02 9.6643485e-02],[1.6335931e+02 2.0071959e+02 1.9780782e-01],[185.27121   216.65945     0.2902576],[ 99.61839    142.43916      0.24666356],[0. 0. 0.],[0. 0. 0.],[0. 0. 0.],[100.11107    140.44902      0.20013481],[ 72.216515   180.79694      0.37118286],[ 47.315155  214.16763     0.3948047],[1.4543332e+02 1.9971725e+02 1.4804080e-01],[0. 0. 0.],[1.4593130e+02 1.9424271e+02 1.3757342e-01],[0. 0. 0.],[ 66.24141    220.64088      0.36925724],[ 64.74953   219.13838     0.3062817],[3.9847755e+01 2.2013528e+02 1.7156725e-01],[0. 0. 0.],[0. 0. 0.],[0. 0. 0.]
[139.45673    202.20679      0.20410497],[140.44954    180.79085      0.18139796],[146.93121    180.29439      0.20246606],[161.86037   208.68909     0.4165888],[184.77704    226.11084      0.43418625],[1.3845747e+02 1.8278493e+02 9.6643507e-02],[1.6335934e+02 2.0071959e+02 1.9780995e-01],[185.27116   216.6594      0.2902557],[ 99.61837    142.4391       0.24666347],[0. 0. 0.],[0. 0. 0.],[0. 0. 0.],[100.11105    140.449        0.20013475],[ 72.216515   180.79694      0.37118286],[ 47.315155  214.16762     0.3948047],[1.4543333e+02 1.9971725e+02 1.4804082e-01],[0. 0. 0.],[1.4593129e+02 1.9424266e+02 1.3757351e-01],[0. 0. 0.],[ 66.24141    220.64088      0.36925724],[ 64.74953    219.13838      0.30628166],[3.9847755e+01 2.2013528e+02 1.7156725e-01],[0. 0. 0.],[0. 0. 0.],[0. 0. 0.]
[139.4567    202.20688     0.2039032],[140.44951    180.79071      0.18122663],[146.93127    180.29425      0.20235075],[161.86038    208.68912      0.41621414],[184.77705   226.1108      0.4338752],[1.3845755e+02 1.8278476e+02 9.6456431e-02],[1.6335933e+02 2.0071945e+02 1.9811907e-01],[185.27116   216.65945     0.2902687],[ 99.61836    142.43913      0.24659382],[0. 0. 0.],[0. 0. 0.],[0. 0. 0.],[100.11104    140.44904      0.20008972],[ 72.2165    180.79694     0.3711129],[ 47.31517   214.16765     0.3947438],[1.4543344e+02 1.9971735e+02 1.4803673e-01],[0. 0. 0.],[1.4593182e+02 1.9424219e+02 1.3791765e-01],[0. 0. 0.],[ 66.2414   220.64085    0.369217],[ 64.749535   219.13837      0.30624658],[3.9847748e+01 2.2013530e+02 1.7155017e-01],[0. 0. 0.],[0. 0. 0.],[0. 0. 0.]
[0. 0. 0.],[0. 0. 0.],[0. 0. 0.],[0. 0. 0.],[0. 0. 0.],[0. 0. 0.],[0. 0. 0.],[0. 0. 0.],[206.99142     28.670303     0.48096052],[223.43625     31.011639     0.43497428],[277.46494    145.99683      0.47654533],[3.6430301e+02 2.1640703e+02 2.9751319e-01],[185.89862    28.642937    0.4526771],[108.43344    157.74611      0.61783594],[ 49.788723 282.12       0.679333],[0. 0. 0.],[0. 0. 0.],[0. 0. 0.],[0. 0. 0.],[108.46279   305.5999      0.6976101],[101.437675  296.2052      0.6153744],[ 35.688927   291.56         0.42422232],[4.4172836e+02 2.3754202e+02 1.6351347e-01],[0. 0. 0.],[0. 0. 0.]
[3.4503073e+02 3.2925092e+02 1.2375065e-01],[3.6081110e+02 2.6087100e+02 1.0298991e-01],[0. 0. 0.],[0. 0. 0.],[0. 0. 0.],[0. 0. 0.],[0. 0. 0.],[0. 0. 0.],[237.15572     63.63896      0.48363173],[210.89034     58.34313      0.48458633],[0. 0. 0.],[0. 0. 0.],[266.15036     68.86821      0.39359346],[3.8710019e+02 2.4771011e+02 3.1187052e-01],[4.8440213e+02 3.7395605e+02 1.5138422e-01],[0. 0. 0.],[0. 0. 0.],[0. 0. 0.],[0. 0. 0.],[0. 0. 0.],[0. 0. 0.],[0. 0. 0.],[0. 0. 0.],[0. 0. 0.],[0. 0. 0.]
[0. 0. 0.],[0. 0. 0.],[116.45369     53.024384     0.19041412],[130.10945    78.93367     0.3519484],[154.65901     97.349556     0.39759955],[0. 0. 0.],[0. 0. 0.],[0. 0. 0.],[0. 0. 0.],[0. 0. 0.],[0. 0. 0.],[0. 0. 0.],[0. 0. 0.],[0. 0. 0.],[0. 0. 0.],[115.77474     70.07805      0.13699609],[0. 0. 0.],[1.14425476e+02 6.73464279e+01 1.13111019e-01],[0. 0. 0.],[0. 0. 0.],[0. 0. 0.],[0. 0. 0.],[0. 0. 0.],[0. 0. 0.],[0. 0. 0.]
[0. 0. 0.],[0. 0. 0.],[0. 0. 0.],[0. 0. 0.],[0. 0. 0.],[0. 0. 0.],[0. 0. 0.],[0. 0. 0.],[2.3153537e+02 4.5748451e+01 1.6926025e-01],[2.4822606e+02 5.0527313e+01 1.8039550e-01],[3.2207126e+02 1.7674179e+02 1.9640592e-01],[3.6730231e+02 2.5298854e+02 8.6348154e-02],[2.1009363e+02 4.3370106e+01 1.7539066e-01],[131.48315    162.46169      0.20893912],[4.5746120e+01 2.8870618e+02 2.5507915e-01],[0. 0. 0.],[0. 0. 0.],[0. 0. 0.],[0. 0. 0.],[8.6241356e+01 3.1966733e+02 1.3123283e-01],[8.1488945e+01 3.1493378e+02 1.1326341e-01],[2.1932344e+01 3.0298489e+02 1.9458580e-01],[0. 0. 0.],[0. 0. 0.],[0. 0. 0.]
[0. 0. 0.],[0. 0. 0.],[0. 0. 0.],[0. 0. 0.],[0. 0. 0.],[0. 0. 0.],[0. 0. 0.],[0. 0. 0.],[206.15651     29.238056     0.50132805],[223.85027    31.456673    0.4474515],[279.17712    146.43474      0.47171614],[3.6320706e+02 2.1058401e+02 2.9437900e-01],[186.25978     27.059355     0.46835726],[111.06969   155.31227     0.6173673],[ 49.150276  281.35873     0.6721682],[0. 0. 0.],[0. 0. 0.],[0. 0. 0.],[0. 0. 0.],[111.053314  305.6735      0.6654174],[102.23827    294.65216      0.58190227],[ 31.44143    294.62497      0.43259647],[4.4279510e+02 2.3713940e+02 1.6141379e-01],[0. 0. 0.],[4.3837518e+02 2.6367752e+02 2.9174057e-01]
[0. 0. 0.],[2.5515485e+02 1.2659431e+02 2.1159732e-01],[200.7635     121.645096     0.20476471],[1.2907021e+02 2.6751242e+02 2.1514423e-01],[1.0433676e+02 3.8124423e+02 1.8166016e-01],[3.0707858e+02 1.3647949e+02 2.1693937e-01],[4.0100272e+02 2.6752295e+02 2.1346861e-01],[4.2080347e+02 3.0955930e+02 1.3427129e-01],[2.2054201e+02 1.8345427e+02 1.6099836e-01],[1.7851035e+02 2.0817570e+02 1.4927773e-01],[148.84654    242.77606      0.66924274],[ 67.24905   413.38486     0.6531917],[0. 0. 0.],[0. 0. 0.],[0. 0. 0.],[0. 0. 0.],[2.69985138e+02 1.26586464e+02 7.32335001e-02],[2.2300397e+02 1.1917470e+02 8.1886142e-02],[2.8729514e+02 1.2164744e+02 6.9965713e-02],[0. 0. 0.],[0. 0. 0.],[0. 0. 0.],[143.90424   438.11246     0.5530459],[126.54787   445.51215     0.5682125],[ 49.92526   428.25882     0.6272113]
[109.87383    73.84097     0.1449768],[107.3066      51.973988     0.13434747],[0. 0. 0.],[0. 0. 0.],[0. 0. 0.],[1.0794063e+02 5.5188511e+01 8.6888328e-02],[133.04512     71.91613      0.15668833],[156.20247     88.64961      0.25124118],[73.839836   14.008789    0.32185495],[0. 0. 0.],[0. 0. 0.],[0. 0. 0.],[69.345634   12.083322    0.25518194],[42.95993   51.962666   0.3593903],[17.227942   84.781364    0.45233488],[0. 0. 0.],[0. 0. 0.],[0. 0. 0.],[0. 0. 0.],[34.60417   92.496956   0.3963926],[33.3165     90.56989     0.33501258],[ 9.506922   89.28505     0.19476369],[0. 0. 0.],[0. 0. 0.],[0. 0. 0.]
[0. 0. 0.],[0. 0. 0.],[0. 0. 0.],[0. 0. 0.],[0. 0. 0.],[0. 0. 0.],[0. 0. 0.],[0. 0. 0.],[2.3128598e+02 4.7551361e+01 1.7256306e-01],[2.4700102e+02 5.2027519e+01 1.8407288e-01],[3.1871246e+02 1.7528868e+02 3.0197465e-01],[4.06067810e+02 2.78330414e+02 1.07776746e-01],[2.0890483e+02 4.5302193e+01 1.7914079e-01],[130.47038   159.58357     0.2305115],[ 43.089054   289.5652       0.29260814],[0. 0. 0.],[0. 0. 0.],[0. 0. 0.],[0. 0. 0.],[9.4615173e+01 3.2317160e+02 1.6182722e-01],[9.2368752e+01 3.1425137e+02 1.3457260e-01],[1.8416382e+01 3.0524597e+02 2.1775189e-01],[0. 0. 0.],[0. 0. 0.],[0. 0. 0.]
[0. 0. 0.],[0. 0. 0.],[0. 0. 0.],[0. 0. 0.],[0. 0. 0.],[0. 0. 0.],[0. 0. 0.],[0. 0. 0.],[209.55856     29.78744      0.49954882],[226.34369    33.95922     0.4545395],[289.06036  153.12032    0.459372],[4.2912402e+02 2.6397534e+02 3.9431471e-01],[188.64896     27.700554     0.46405342],[109.23386   155.2249      0.6392848],[ 50.6914     280.67         0.66456527],[0. 0. 0.],[0. 0. 0.],[0. 0. 0.],[0. 0. 0.],[111.30534   305.76697     0.6688618],[105.03656   295.3421      0.5950516],[ 31.861952  293.2254      0.4209883],[5.5039929e+02 2.8904770e+02 1.8666127e-01],[5.4830353e+02 2.9113071e+02 1.7203222e-01],[4.4585703e+02 2.7231735e+02 3.1543669e-01]
[0. 0. 0.],[2.5932611e+02 1.2641592e+02 2.1646890e-01],[201.03485    121.75491      0.20411982],[1.3107689e+02 2.6399036e+02 2.1550484e-01],[1.0309927e+02 3.8057867e+02 1.8148673e-01],[3.0595871e+02 1.3107349e+02 2.2496139e-01],[4.1089172e+02 2.7797983e+02 2.2398137e-01],[5.2281555e+02 3.7591595e+02 1.5732853e-01],[236.01927     65.76772      0.47460806],[208.03099     58.783028     0.49594867],[0. 0. 0.],[0. 0. 0.],[270.9982     75.1215      0.3860278],[3.9457886e+02 2.5465500e+02 3.1899637e-01],[5.2046057e+02 3.7590921e+02 1.9879887e-01],[0. 0. 0.],[0. 0. 0.],[2.2901108e+02 1.2407297e+02 8.7506846e-02],[2.8730905e+02 1.2408252e+02 7.0931867e-02],[5.8108771e+02 3.9224545e+02 1.5120357e-01],[5.8107513e+02 3.8521906e+02 1.5703875e-01],[5.2513647e+02 3.8290021e+02 1.3668698e-01],[0. 0. 0.],[0. 0. 0.],[0. 0. 0.]
[0. 0. 0.],[0. 0. 0.],[1.11383026e+02 4.59411201e+01 1.07143871e-01],[130.75809     78.65846      0.22480144],[153.20172     96.22693      0.28087622],[0. 0. 0.],[0. 0. 0.],[0. 0. 0.],[0. 0. 0.],[0. 0. 0.],[0. 0. 0.],[0. 0. 0.],[0. 0. 0.],[0. 0. 0.],[0. 0. 0.],[0. 0. 0.],[0. 0. 0.],[0. 0. 0.],[0. 0. 0.],[0. 0. 0.],[0. 0. 0.],[0. 0. 0.],[0. 0. 0.],[0. 0. 0.],[0. 0. 0.]
[0. 0. 0.],[0. 0. 0.],[0. 0. 0.],[0. 0. 0.],[0. 0. 0.],[0. 0. 0.],[0. 0. 0.],[0. 0. 0.],[206.99142     28.670303     0.48096052],[223.43625     31.011639     0.43497428],[277.46494    145.99683      0.47654533],[3.6430301e+02 2.1640703e+02 2.9751319e-01],[185.89862    28.642937    0.4526771],[108.43344    157.74611      0.61783594],[ 49.788723 282.12       0.679333],[0. 0. 0.],[0. 0. 0.],[0. 0. 0.],[0. 0. 0.],[108.46279   305.5999      0.6976101],[101.437675  296.2052      0.6153744],[ 35.688927   291.56         0.42422232],[4.4172836e+02 2.3754202e+02 1.6351347e-01],[0. 0. 0.],[0. 0. 0.]
[0. 0. 0.],[0. 0. 0.],[0. 0. 0.],[0. 0. 0.],[0. 0. 0.],[0. 0. 0.],[0. 0. 0.],[0. 0. 0.],[206.15651     29.238056     0.50132805],[223.85027    31.456673    0.4474515],[279.17712    146.43474      0.47171614],[3.6320706e+02 2.1058401e+02 2.9437900e-01],[186.25978     27.059355     0.46835726],[111.06969   155.31227     0.6173673],[ 49.150276  281.35873     0.6721682],[0. 0. 0.],[0. 0. 0.],[0. 0. 0.],[0. 0. 0.],[111.053314  305.6735      0.6654174],[102.23827    294.65216      0.58190227],[ 31.44143    294.62497      0.43259647],[4.4279510e+02 2.3713940e+02 1.6141379e-01],[0. 0. 0.],[4.3837518e+02 2.6367752e+02 2.9174057e-01]
[0. 0. 0.],[0. 0. 0.],[0. 0. 0.],[0. 0. 0.],[0. 0. 0.],[0. 0. 0.],[0. 0. 0.],[0. 0. 0.],[209.55856     29.78744      0.49954882],[226.34369    33.95922     0.4545395],[289.06036  153.12032    0.459372],[4.2912402e+02 2.6397534e+02 3.9431471e-01],[188.64896     27.700554     0.46405342],[109.23386   155.2249      0.6392848],[ 50.6914     280.67         0.66456527],[0. 0. 0.],[0. 0. 0.],[0. 0. 0.],[0. 0. 0.],[111.30534   305.76697     0.6688618],[105.03656   295.3421      0.5950516],[ 31.861952  293.2254      0.4209883],[5.5039929e+02 2.8904770e+02 1.8666127e-01],[5.4830353e+02 2.9113071e+02 1.7203222e-01],[4.4585703e+02 2.7231735e+02 3.1543669e-01]
[0. 0. 0.],[0. 0. 0.],[0. 0. 0.],[0. 0. 0.],[0. 0. 0.],[0. 0. 0.],[0. 0. 0.],[0. 0. 0.],[201.83884     28.139153     0.47874245],[223.53012     30.116945     0.44748536],[288.6564     152.47084      0.44752905],[4.2087469e+02 2.6100293e+02 3.4730697e-01],[182.10765    28.144468    0.4388302],[109.06778   154.44586     0.6184823],[ 49.852657  278.77435     0.6643049],[0. 0. 0.],[0. 0. 0.],[0. 0. 0.],[0. 0. 0.],[111.020325  304.43777     0.6506932],[101.17219   296.54065     0.5721663],[ 28.124708   292.59808      0.41572702],[5.4917169e+02 2.8666626e+02 9.8733544e-02],[5.4718280e+02 2.8470926e+02 8.8014670e-02],[4.4257635e+02 2.6890601e+02 2.9598829e-01]
[0. 0. 0.],[0. 0. 0.],[0. 0. 0.],[0. 0. 0.],[0. 0. 0.],[0. 0. 0.],[0. 0. 0.],[0. 0. 0.],[202.95973     30.490547     0.44020393],[223.5842      32.3688       0.41332084],[287.30276   152.35503     0.3817958],[3.6794666e+02 2.1796114e+02 1.9225802e-01],[186.08905    28.6403      0.3742053],[109.18501    156.0958       0.59271175],[ 51.10787   279.82333     0.5850565],[0. 0. 0.],[0. 0. 0.],[0. 0. 0.],[0. 0. 0.],[111.116646   302.3143       0.58600307],[107.336174  294.80072     0.5222334],[ 43.595028  291.0933      0.2958665],[0. 0. 0.],[0. 0. 0.],[4.3542792e+02 2.7043094e+02 2.1651331e-01]
[0. 0. 0.],[0. 0. 0.],[0. 0. 0.],[0. 0. 0.],[0. 0. 0.],[0. 0. 0.],[0. 0. 0.],[0. 0. 0.],[205.77605     32.615936     0.42841426],[225.42023     34.422165     0.39027622],[287.88428    154.02446      0.37962812],[4.2534897e+02 2.6111102e+02 2.5835323e-01],[187.92906    29.071772    0.3815064],[107.635765  155.80157     0.5752364],[ 50.49118   280.75204     0.5792639],[0. 0. 0.],[0. 0. 0.],[0. 0. 0.],[0. 0. 0.],[111.170555   302.18713      0.58042896],[105.82367    295.03156      0.52465016],[2.9063902e+01 2.9504031e+02 2.9294157e-01],[0. 0. 0.],[0. 0. 0.],[4.3605408e+02 2.7003967e+02 2.1969976e-01]
[0. 0. 0.],[0. 0. 0.],[0. 0. 0.],[0. 0. 0.],[0. 0. 0.],[0. 0. 0.],[0. 0. 0.],[0. 0. 0.],[201.52199     31.171835     0.41711864],[221.98868     32.88292      0.36709225],[286.72662    152.12894      0.30269825],[3.6508340e+02 2.2198680e+02 1.7519952e-01],[182.78836     29.457159     0.35728806],[107.83373  155.55574    0.549382],[ 54.993267  279.9236      0.5537699],[0. 0. 0.],[0. 0. 0.],[0. 0. 0.],[0. 0. 0.],[111.23744   303.7692      0.5711996],[104.42766   296.93848     0.5028423],[4.1390945e+01 2.9184460e+02 2.5414908e-01],[0. 0. 0.],[0. 0. 0.],[0. 0. 0.]
[0. 0. 0.],[0. 0. 0.],[0. 0. 0.],[0. 0. 0.],[0. 0. 0.],[0. 0. 0.],[0. 0. 0.],[0. 0. 0.],[202.54898     29.821337     0.46998903],[223.73973     31.468203     0.41419405],[285.65445    150.38713      0.30703515],[3.6875439e+02 2.1721434e+02 1.8186498e-01],[181.38681     28.200878     0.38777646],[111.268555   152.0501       0.57349956],[ 51.014114   280.75476      0.53799313],[0. 0. 0.],[0. 0. 0.],[0. 0. 0.],[0. 0. 0.],[111.30488   301.954       0.5462579],[106.40358    295.42145      0.47864193],[2.9825703e+01 2.9541998e+02 2.6013523e-01],[0. 0. 0.],[0. 0. 0.],[0. 0. 0.]
[0. 0. 0.],[0. 0. 0.],[0. 0. 0.],[0. 0. 0.],[0. 0. 0.],[0. 0. 0.],[0. 0. 0.],[0. 0. 0.],[204.98276     30.150173     0.49360263],[223.72624     31.716595     0.46313822],[287.7437     150.35768      0.45224425],[3.6892603e+02 2.2218019e+02 1.9289249e-01],[183.15918     27.038115     0.44300598],[109.7607     156.60661      0.70876426],[ 55.141754  279.92007     0.6925488],[0. 0. 0.],[0. 0. 0.],[0. 0. 0.],[0. 0. 0.],[111.33926   301.78223     0.7126647],[106.643616  293.9887      0.6494795],[ 39.528275 290.86548    0.341986],[0. 0. 0.],[0. 0. 0.],[0. 0. 0.]
[0. 0. 0.],[0. 0. 0.],[0. 0. 0.],[0. 0. 0.],[0. 0. 0.],[0. 0. 0.],[0. 0. 0.],[0. 0. 0.],[202.8341      28.972263     0.49040958],[223.80939    30.474373    0.4663204],[286.76343    148.87187      0.45205837],[3.7818414e+02 2.3131174e+02 1.7857191e-01],[183.35223     27.47088      0.43764207],[108.42657    156.3808       0.70131236],[ 55.95046    280.74646      0.68272495],[0. 0. 0.],[0. 0. 0.],[0. 0. 0.],[0. 0. 0.],[112.91994   300.26175     0.7100437],[108.41444   294.25543     0.6391111],[ 49.941586   291.2525       0.34608018],[0. 0. 0.],[0. 0. 0.],[0. 0. 0.]
[0. 0. 0.],[0. 0. 0.],[0. 0. 0.],[0. 0. 0.],[0. 0. 0.],[0. 0. 0.],[0. 0. 0.],[0. 0. 0.],[200.8076      29.332718     0.46239704],[223.85117     32.202312     0.42340618],[290.14072    151.79532      0.48425972],[4.2702988e+02 2.6419623e+02 3.2628965e-01],[182.07057    27.881447    0.4319176],[108.56715   154.69461     0.6817355],[ 58.13322    278.61536      0.68541175],[0. 0. 0.],[0. 0. 0.],[0. 0. 0.],[0. 0. 0.],[111.46403    301.65512      0.69002247],[107.12061   294.45944     0.6283582],[ 50.936592  288.7036      0.3666296],[5.5094946e+02 2.8868594e+02 1.7439082e-01],[5.4807098e+02 2.9301633e+02 1.6460839e-01],[4.4863663e+02 2.7284299e+02 2.1781090e-01]
[0. 0. 0.],[0. 0. 0.],[0. 0. 0.],[0. 0. 0.],[0. 0. 0.],[0. 0. 0.],[0. 0. 0.],[0. 0. 0.],[198.9116     29.638983    0.4323552],[219.72168     31.01476      0.41284013],[287.7038     148.95537      0.45813638],[3.7095663e+02 2.1972583e+02 1.4957100e-01],[178.10483     29.64441      0.39003432],[108.72316    155.90396      0.65996647],[ 58.78623    279.37384      0.69734025],[0. 0. 0.],[0. 0. 0.],[0. 0. 0.],[0. 0. 0.],[112.891266 301.57962    0.690634],[108.7218    294.65198     0.6273743],[ 51.84666    289.09894      0.39125407],[0. 0. 0.],[0. 0. 0.],[0. 0. 0.]
[0. 0. 0.],[0. 0. 0.],[0. 0. 0.],[0. 0. 0.],[0. 0. 0.],[0. 0. 0.],[0. 0. 0.],[0. 0. 0.],[200.7445      28.900822     0.49656913],[222.38501     30.269932     0.44915435],[285.9653     146.62651      0.44043484],[3.8473187e+02 2.3050758e+02 1.7740333e-01],[183.14117     26.21168      0.42808852],[108.73699   156.07788     0.7053078],[ 58.684406   280.5439       0.71406734],[0. 0. 0.],[0. 0. 0.],[0. 0. 0.],[0. 0. 0.],[112.80225   299.51492     0.6349257],[108.73442   296.77747     0.5861949],[ 54.59808   288.68646     0.4219957],[0. 0. 0.],[0. 0. 0.],[4.4696628e+02 2.6973602e+02 1.9348004e-01]
[0. 0. 0.],[0. 0. 0.],[0. 0. 0.],[0. 0. 0.],[0. 0. 0.],[0. 0. 0.],[0. 0. 0.],[0. 0. 0.],[200.74454     28.90083      0.49657083],[222.38501     30.269932     0.44915566],[285.96527    146.62656      0.44030884],[3.8473871e+02 2.3184879e+02 1.7723015e-01],[183.14122     26.211681     0.42809024],[108.73697   156.07787     0.7053079],[ 58.684402   280.5439       0.71406734],[0. 0. 0.],[0. 0. 0.],[0. 0. 0.],[0. 0. 0.],[112.80225   299.51492     0.6349257],[108.73442   296.77747     0.5861949],[ 54.598072   288.68637      0.42199576],[0. 0. 0.],[0. 0. 0.],[0. 0. 0.]
[0. 0. 0.],[0. 0. 0.],[0. 0. 0.],[0. 0. 0.],[0. 0. 0.],[0. 0. 0.],[0. 0. 0.],[0. 0. 0.],[200.74463     28.900764     0.49645227],[222.38528    30.269981    0.4491584],[285.96564  146.62704    0.440186],[3.8473145e+02 2.3050725e+02 1.7700425e-01],[183.14117     26.211536     0.42797512],[108.73699   156.0778      0.7052968],[ 58.684364  280.54395     0.7140329],[0. 0. 0.],[0. 0. 0.],[0. 0. 0.],[0. 0. 0.],[112.80223   299.5149      0.6349062],[108.7344     296.7774       0.58615637],[ 54.598026   288.6865       0.42192602],[0. 0. 0.],[0. 0. 0.],[0. 0. 0.]
[3.4503073e+02 3.2925092e+02 1.2375065e-01],[3.6081110e+02 2.6087100e+02 1.0298991e-01],[0. 0. 0.],[0. 0. 0.],[0. 0. 0.],[0. 0. 0.],[0. 0. 0.],[0. 0. 0.],[237.15572     63.63896      0.48363173],[210.89034     58.34313      0.48458633],[0. 0. 0.],[0. 0. 0.],[266.15036     68.86821      0.39359346],[3.8710019e+02 2.4771011e+02 3.1187052e-01],[4.8440213e+02 3.7395605e+02 1.5138422e-01],[0. 0. 0.],[0. 0. 0.],[0. 0. 0.],[0. 0. 0.],[0. 0. 0.],[0. 0. 0.],[0. 0. 0.],[0. 0. 0.],[0. 0. 0.],[0. 0. 0.]
[0. 0. 0.],[2.5515485e+02 1.2659431e+02 2.1159732e-01],[200.7635     121.645096     0.20476471],[1.2907021e+02 2.6751242e+02 2.1514423e-01],[1.0433676e+02 3.8124423e+02 1.8166016e-01],[3.0707858e+02 1.3647949e+02 2.1693937e-01],[4.0100272e+02 2.6752295e+02 2.1346861e-01],[4.2080347e+02 3.0955930e+02 1.3427129e-01],[2.2054201e+02 1.8345427e+02 1.6099836e-01],[1.7851035e+02 2.0817570e+02 1.4927773e-01],[148.84654    242.77606      0.66924274],[ 67.24905   413.38486     0.6531917],[0. 0. 0.],[0. 0. 0.],[0. 0. 0.],[0. 0. 0.],[2.69985138e+02 1.26586464e+02 7.32335001e-02],[2.2300397e+02 1.1917470e+02 8.1886142e-02],[2.8729514e+02 1.2164744e+02 6.9965713e-02],[0. 0. 0.],[0. 0. 0.],[0. 0. 0.],[143.90424   438.11246     0.5530459],[126.54787   445.51215     0.5682125],[ 49.92526   428.25882     0.6272113]
[0. 0. 0.],[2.5932611e+02 1.2641592e+02 2.1646890e-01],[201.03485    121.75491      0.20411982],[1.3107689e+02 2.6399036e+02 2.1550484e-01],[1.0309927e+02 3.8057867e+02 1.8148673e-01],[3.0595871e+02 1.3107349e+02 2.2496139e-01],[4.1089172e+02 2.7797983e+02 2.2398137e-01],[5.2281555e+02 3.7591595e+02 1.5732853e-01],[236.01927     65.76772      0.47460806],[208.03099     58.783028     0.49594867],[0. 0. 0.],[0. 0. 0.],[270.9982     75.1215      0.3860278],[3.9457886e+02 2.5465500e+02 3.1899637e-01],[5.2046057e+02 3.7590921e+02 1.9879887e-01],[0. 0. 0.],[0. 0. 0.],[2.2901108e+02 1.2407297e+02 8.7506846e-02],[2.8730905e+02 1.2408252e+02 7.0931867e-02],[5.8108771e+02 3.9224545e+02 1.5120357e-01],[5.8107513e+02 3.8521906e+02 1.5703875e-01],[5.2513647e+02 3.8290021e+02 1.3668698e-01],[0. 0. 0.],[0. 0. 0.],[0. 0. 0.]
[0. 0. 0.],[2.60840973e+02 1.26258644e+02 2.16930076e-01],[201.27362    121.84799      0.20420448],[1.3066695e+02 2.6525351e+02 2.1517423e-01],[1.0419450e+02 3.7998413e+02 1.8134598e-01],[3.0717084e+02 1.3067012e+02 2.2612657e-01],[3.9541681e+02 2.7187186e+02 2.0141499e-01],[3.9321545e+02 3.0938788e+02 1.4194608e-01],[2.1892331e+02 1.9685893e+02 1.6043453e-01],[1.7920769e+02 2.0568507e+02 1.4982462e-01],[148.33598   240.9844      0.6493764],[ 64.50126    413.08615      0.62304693],[0. 0. 0.],[0. 0. 0.],[0. 0. 0.],[0. 0. 0.],[0. 0. 0.],[2.2553403e+02 1.1742976e+02 8.7552294e-02],[2.8731866e+02 1.2184650e+02 6.9250241e-02],[0. 0. 0.],[0. 0. 0.],[0. 0. 0.],[139.48216   435.1646      0.5358966],[121.86407   443.9711      0.5364472],[ 53.42751    424.13348      0.62068695]
[3.4290250e+02 3.3659503e+02 1.1257763e-01],[3.5759848e+02 2.5258305e+02 9.1430761e-02],[0. 0. 0.],[0. 0. 0.],[0. 0. 0.],[0. 0. 0.],[0. 0. 0.],[0. 0. 0.],[233.66896     59.320187     0.48958868],[212.69211     55.108124     0.53166074],[147.53981   242.0903      0.5332244],[ 67.71513    414.3032       0.58493054],[0. 0. 0.],[0. 0. 0.],[0. 0. 0.],[3.681223e+02 3.450132e+02 5.410829e-02],[0. 0. 0.],[3.8911359e+02 3.2609686e+02 7.2876409e-02],[0. 0. 0.],[0. 0. 0.],[0. 0. 0.],[0. 0. 0.],[143.29814   437.4548      0.4902403],[122.361984   445.8119       0.49938077],[ 52.98536    424.85437      0.58223605]
[3.41489197e+02 3.35499237e+02 1.12105615e-01],[3.5544562e+02 2.5174855e+02 9.0927571e-02],[0. 0. 0.],[0. 0. 0.],[0. 0. 0.],[0. 0. 0.],[0. 0. 0.],[0. 0. 0.],[231.80093     60.316498     0.48403615],[211.88153     56.329166     0.52243185],[148.02844   243.76099     0.5304282],[ 68.2781    411.29333     0.5841241],[0. 0. 0.],[0. 0. 0.],[0. 0. 0.],[3.6740985e+02 3.4543491e+02 5.4119240e-02],[0. 0. 0.],[3.8736017e+02 3.2551138e+02 7.2805464e-02],[0. 0. 0.],[0. 0. 0.],[0. 0. 0.],[0. 0. 0.],[142.06808    437.21793      0.49730036],[122.15997    443.20105      0.49113786],[ 52.332706  423.2297      0.5906049]
[0. 0. 0.],[3.6130978e+02 2.4746120e+02 6.5273926e-02],[0. 0. 0.],[0. 0. 0.],[0. 0. 0.],[0. 0. 0.],[0. 0. 0.],[0. 0. 0.],[230.10959   58.381557   0.501719],[208.89436    52.589706    0.5263492],[147.15062   239.776       0.5818526],[ 68.04291   411.48636     0.6034316],[257.10757     68.03203      0.32190233],[3.9408612e+02 2.5710660e+02 1.7203431e-01],[5.2336902e+02 3.7668115e+02 1.2527663e-01],[0. 0. 0.],[0. 0. 0.],[0. 0. 0.],[0. 0. 0.],[5.7929510e+02 3.9022391e+02 1.3773668e-01],[5.7737482e+02 3.8062708e+02 1.3266221e-01],[5.3105914e+02 3.8831161e+02 9.0175048e-02],[141.32944    438.4648       0.51599395],[125.901726   444.2637       0.50343156],[ 50.68179    424.9955       0.59910774]
[0. 0. 0.],[3.4779651e+02 2.2431067e+02 5.8753200e-02],[0. 0. 0.],[0. 0. 0.],[0. 0. 0.],[0. 0. 0.],[0. 0. 0.],[0. 0. 0.],[230.10844    58.38027     0.4973768],[208.8986     52.5986      0.5263486],[147.16628    239.7701       0.57722414],[ 68.041046  413.38205     0.5973128],[255.19495     68.022804     0.31377313],[149.05795    237.82938      0.28464422],[9.3092278e+01 3.6323834e+02 3.3821765e-01],[0. 0. 0.],[0. 0. 0.],[0. 0. 0.],[0. 0. 0.],[150.97432    380.5903       0.46408674],[147.12471    376.70444      0.41895783],[9.6961594e+01 3.8058478e+02 1.6419813e-01],[141.32771   438.47388     0.5251558],[123.99718    442.369        0.50681853],[ 50.676197 424.96008    0.597381]
[0. 0. 0.],[3.4780469e+02 2.2431075e+02 5.4324605e-02],[0. 0. 0.],[0. 0. 0.],[0. 0. 0.],[0. 0. 0.],[0. 0. 0.],[0. 0. 0.],[230.0885      58.390682     0.49352068],[208.88637     52.605385     0.51951206],[147.16728   239.76872     0.5897547],[ 68.04198   413.3833      0.5955368],[255.1683     68.03051     0.3108962],[149.05527    237.82703      0.29057962],[9.1200142e+01 3.6324936e+02 3.4867626e-01],[0. 0. 0.],[0. 0. 0.],[0. 0. 0.],[0. 0. 0.],[150.97829   380.6156      0.4984731],[147.12996    376.73654      0.45363355],[7.7676216e+01 3.9024084e+02 1.8070005e-01],[141.32423    438.4734       0.52505106],[123.99603   442.36923     0.5068802],[ 50.676224   424.9616       0.59697026]
[0. 0. 0.],[3.4780563e+02 2.2431134e+02 5.4413367e-02],[0. 0. 0.],[0. 0. 0.],[0. 0. 0.],[0. 0. 0.],[0. 0. 0.],[0. 0. 0.],[230.08858     58.390636     0.49348497],[208.88638     52.605385     0.51950985],[147.16728    239.76875      0.58975446],[ 68.04198    413.38333      0.59553665],[255.16824     68.030396     0.31084353],[149.0553     237.82707      0.29057902],[9.120014e+01 3.632494e+02 3.486774e-01],[0. 0. 0.],[0. 0. 0.],[0. 0. 0.],[0. 0. 0.],[150.97826   380.61545     0.4984743],[147.13      376.73654     0.4536333],[7.7676216e+01 3.9024075e+02 1.8070017e-01],[141.32422   438.4733      0.5250516],[123.99603   442.36917     0.5068806],[ 50.676216   424.9616       0.59697026]
[0. 0. 0.],[3.5550571e+02 2.3395659e+02 5.4015044e-02],[0. 0. 0.],[0. 0. 0.],[0. 0. 0.],[0. 0. 0.],[0. 0. 0.],[0. 0. 0.],[230.0889     58.390816    0.4934727],[208.88643    52.60544     0.5195213],[147.16716    239.76868      0.58961535],[ 68.04191   413.38345     0.5955014],[255.16838    68.0302      0.3105558],[149.05524    237.82726      0.29080498],[9.1200394e+01 3.6324921e+02 3.4948796e-01],[0. 0. 0.],[0. 0. 0.],[0. 0. 0.],[0. 0. 0.],[150.97864   380.6155      0.4990289],[147.12964   376.73648     0.4541183],[7.7676254e+01 3.9024057e+02 1.8079016e-01],[141.32423   438.47336     0.5250718],[123.996086  442.3694      0.5067567],[ 50.67622   424.96158     0.5969086]
[0. 0. 0.],[3.5743597e+02 2.3780133e+02 5.3584076e-02],[0. 0. 0.],[0. 0. 0.],[0. 0. 0.],[0. 0. 0.],[0. 0. 0.],[0. 0. 0.],[230.08887     58.390827     0.49349517],[208.88643    52.605545    0.5195543],[147.1671   239.76869    0.589612],[ 68.041885  413.38333     0.5954977],[255.16833     68.030106     0.31052327],[149.05537   237.82718     0.2909864],[9.120062e+01 3.632492e+02 3.496230e-01],[0. 0. 0.],[0. 0. 0.],[0. 0. 0.],[0. 0. 0.],[150.97876    380.6157       0.49908152],[147.12956   376.73645     0.4541832],[7.7676277e+01 3.9024060e+02 1.8079133e-01],[141.32428    438.47336      0.52509576],[123.99606    442.3694       0.50672346],[ 50.67623    424.96152      0.59690297]
[0. 0. 0.],[3.5743030e+02 2.3780447e+02 5.7652764e-02],[0. 0. 0.],[0. 0. 0.],[0. 0. 0.],[0. 0. 0.],[0. 0. 0.],[0. 0. 0.],[230.08873     58.389404     0.49009097],[208.88577   52.60515    0.519729],[147.16734   239.76874     0.5918614],[ 68.04184   413.3833      0.5956756],[255.17097     68.02804      0.30750623],[149.05545    237.8256       0.29051077],[9.1200951e+01 3.6324878e+02 3.5002887e-01],[0. 0. 0.],[0. 0. 0.],[0. 0. 0.],[0. 0. 0.],[150.97905    380.6152       0.49917772],[147.12978   376.73648     0.4534601],[7.5748802e+01 3.9024261e+02 1.8189895e-01],[139.44261   438.47537     0.5252717],[123.99612    442.3694       0.50683266],[ 50.67619   424.96158     0.5970169]
[0. 0. 0.],[3.5743024e+02 2.3780441e+02 5.7654604e-02],[0. 0. 0.],[0. 0. 0.],[0. 0. 0.],[0. 0. 0.],[0. 0. 0.],[0. 0. 0.],[230.08878     58.389404     0.49009055],[208.88576    52.60514     0.5197289],[147.16733    239.76872      0.59186137],[ 68.041855  413.3834      0.5956755],[255.17094    68.02802     0.3075055],[149.0555    237.82562     0.2905109],[9.1200920e+01 3.6324863e+02 3.5002911e-01],[0. 0. 0.],[0. 0. 0.],[0. 0. 0.],[0. 0. 0.],[150.97906    380.6152       0.49917775],[147.12978    376.73654      0.45346004],[7.5748810e+01 3.9024265e+02 1.8189895e-01],[139.44264   438.47537     0.5252718],[123.99612    442.3694       0.50683266],[ 50.67619   424.96158     0.5970168]
[0. 0. 0.],[3.5551614e+02 2.3588245e+02 5.7653628e-02],[0. 0. 0.],[0. 0. 0.],[0. 0. 0.],[0. 0. 0.],[0. 0. 0.],[0. 0. 0.],[230.0888      58.38947      0.48989558],[208.8859     52.60515     0.5196432],[147.16734    239.7688       0.59184176],[ 68.04185   413.38327     0.5956881],[255.1708      68.02787      0.30712157],[149.05553    237.82565      0.29056486],[9.1200912e+01 3.6324857e+02 3.5024071e-01],[0. 0. 0.],[0. 0. 0.],[0. 0. 0.],[0. 0. 0.],[150.97913   380.6151      0.4993478],[147.12968    376.73645      0.45361537],[7.5748802e+01 3.9024252e+02 1.8192992e-01],[139.44255   438.47525     0.5252684],[123.9961    442.3692      0.5068275],[ 50.67614   424.96155     0.5970215]
[0. 0. 0.],[0. 0. 0.],[116.45369     53.024384     0.19041412],[130.10945    78.93367     0.3519484],[154.65901     97.349556     0.39759955],[0. 0. 0.],[0. 0. 0.],[0. 0. 0.],[0. 0. 0.],[0. 0. 0.],[0. 0. 0.],[0. 0. 0.],[0. 0. 0.],[0. 0. 0.],[0. 0. 0.],[115.77474     70.07805      0.13699609],[0. 0. 0.],[1.14425476e+02 6.73464279e+01 1.13111019e-01],[0. 0. 0.],[0. 0. 0.],[0. 0. 0.],[0. 0. 0.],[0. 0. 0.],[0. 0. 0.],[0. 0. 0.]
[109.87383    73.84097     0.1449768],[107.3066      51.973988     0.13434747],[0. 0. 0.],[0. 0. 0.],[0. 0. 0.],[1.0794063e+02 5.5188511e+01 8.6888328e-02],[133.04512     71.91613      0.15668833],[156.20247     88.64961      0.25124118],[73.839836   14.008789    0.32185495],[0. 0. 0.],[0. 0. 0.],[0. 0. 0.],[69.345634   12.083322    0.25518194],[42.95993   51.962666   0.3593903],[17.227942   84.781364    0.45233488],[0. 0. 0.],[0. 0. 0.],[0. 0. 0.],[0. 0. 0.],[34.60417   92.496956   0.3963926],[33.3165     90.56989     0.33501258],[ 9.506922   89.28505     0.19476369],[0. 0. 0.],[0. 0. 0.],[0. 0. 0.]
[0. 0. 0.],[0. 0. 0.],[1.11383026e+02 4.59411201e+01 1.07143871e-01],[130.75809     78.65846      0.22480144],[153.20172     96.22693      0.28087622],[0. 0. 0.],[0. 0. 0.],[0. 0. 0.],[0. 0. 0.],[0. 0. 0.],[0. 0. 0.],[0. 0. 0.],[0. 0. 0.],[0. 0. 0.],[0. 0. 0.],[0. 0. 0.],[0. 0. 0.],[0. 0. 0.],[0. 0. 0.],[0. 0. 0.],[0. 0. 0.],[0. 0. 0.],[0. 0. 0.],[0. 0. 0.],[0. 0. 0.]
[110.40526     71.26985      0.11512706],[109.822655   52.2888      0.1160814],[0. 0. 0.],[0. 0. 0.],[0. 0. 0.],[1.0925236e+02 5.5164913e+01 7.0543788e-02],[132.84958     72.42549      0.15128672],[154.72737     88.534836     0.27404663],[74.73125    14.886853    0.26780444],[71.854454   12.586513    0.27937242],[43.082115   51.70934     0.29312673],[12.589315   89.68573     0.47315887],[0. 0. 0.],[0. 0. 0.],[0. 0. 0.],[0. 0. 0.],[1.10984505e+02 7.07021713e+01 5.69781587e-02],[0. 0. 0.],[0. 0. 0.],[0. 0. 0.],[0. 0. 0.],[0. 0. 0.],[30.42846    96.59078     0.42218906],[25.247671   98.312805    0.38977146],[ 8.556133   91.42842     0.47742072]
[108.94761     72.97568      0.18290344],[108.40802    50.634716    0.1808979],[114.401695    49.553356     0.21418554],[130.74582     78.43864      0.35079455],[154.71994     96.96318      0.40976807],[1.09494095e+02 5.49959335e+01 1.06477849e-01],[132.3882     72.97748     0.1612866],[154.721       88.243904     0.27476177],[75.16118    13.585578    0.23766388],[72.4371     13.036144    0.26563895],[43.54899    50.09013     0.23186794],[12.491562   89.87874     0.41201866],[0. 0. 0.],[0. 0. 0.],[0. 0. 0.],[1.1439653e+02 7.0258987e+01 1.0376175e-01],[0. 0. 0.],[1.1440119e+02 6.5349121e+01 7.7442102e-02],[0. 0. 0.],[0. 0. 0.],[0. 0. 0.],[0. 0. 0.],[30.4752     96.96637     0.41379115],[26.112011   98.58679     0.38479635],[ 8.663435   92.596565    0.41321924]
[109.2206      72.80861      0.18317842],[108.70348     50.441288     0.18098684],[114.94209    49.920395    0.2141675],[131.0604      78.53543      0.37014958],[154.99673     97.257095     0.44722012],[1.09742165e+02 5.51198349e+01 1.06157817e-01],[132.11491     73.322845     0.17223729],[155.51291    88.93293     0.3178472],[75.40819    14.022137    0.23712733],[72.804474   12.989502    0.26139942],[43.157673   50.4431      0.26683727],[12.470204   89.97475     0.44037554],[0. 0. 0.],[0. 0. 0.],[0. 0. 0.],[1.1442596e+02 7.0724998e+01 1.0460777e-01],[0. 0. 0.],[1.144316e+02 6.552260e+01 7.786158e-02],[0. 0. 0.],[0. 0. 0.],[0. 0. 0.],[0. 0. 0.],[30.674473   97.25367     0.41112074],[25.992058  98.29823    0.3890035],[ 8.308104  92.57461    0.4243697]
[108.45111    71.80807     0.1491613],[108.950165    51.998775     0.18464592],[115.88079    52.002827    0.1741159],[131.22736     79.722244     0.33025992],[154.50415     97.05977      0.37868488],[0. 0. 0.],[0. 0. 0.],[0. 0. 0.],[75.27025   13.874067   0.2207001],[71.31094    12.88375     0.26021728],[43.084545   51.010666    0.33300248],[12.8748255  89.64064     0.54593575],[0. 0. 0.],[0. 0. 0.],[0. 0. 0.],[1.1587880e+02 6.8840446e+01 1.1258617e-01],[0. 0. 0.],[1.1539001e+02 6.7346848e+01 9.6841775e-02],[0. 0. 0.],[0. 0. 0.],[0. 0. 0.],[0. 0. 0.],[30.703375   96.07633     0.46040627],[26.248928  97.55948    0.4317809],[ 8.425901  92.11682    0.5197172]
[107.772766    72.64751      0.11859628],[107.7682      51.763866     0.11120708],[0. 0. 0.],[0. 0. 0.],[0. 0. 0.],[0. 0. 0.],[0. 0. 0.],[0. 0. 0.],[75.01562   13.791357   0.1812388],[72.64738    12.363778    0.20947494],[43.21591    51.281868    0.29066604],[12.834913   89.74401     0.49492103],[0. 0. 0.],[0. 0. 0.],[0. 0. 0.],[0. 0. 0.],[0. 0. 0.],[0. 0. 0.],[0. 0. 0.],[0. 0. 0.],[0. 0. 0.],[0. 0. 0.],[31.351536   96.38113     0.42869973],[27.081743   97.808846    0.40260166],[ 8.565531   92.58397     0.47047925]
[1.0712953e+02 7.2646484e+01 7.2463758e-02],[1.0622025e+02 4.9505795e+01 9.1583535e-02],[0. 0. 0.],[0. 0. 0.],[0. 0. 0.],[0. 0. 0.],[0. 0. 0.],[0. 0. 0.],[75.365204   14.566572    0.14254765],[70.37797    11.392894    0.18010478],[42.243263   51.318607    0.23709366],[12.303054  89.89066    0.5116687],[0. 0. 0.],[0. 0. 0.],[0. 0. 0.],[0. 0. 0.],[0. 0. 0.],[0. 0. 0.],[0. 0. 0.],[0. 0. 0.],[0. 0. 0.],[0. 0. 0.],[31.35693    96.238976    0.43103394],[26.360891   98.049324    0.40295613],[ 8.659612   92.16165     0.48780742]
[1.0742619e+02 7.2949684e+01 7.2391838e-02],[1.0612172e+02 4.9816826e+01 9.1607690e-02],[0. 0. 0.],[0. 0. 0.],[0. 0. 0.],[0. 0. 0.],[0. 0. 0.],[0. 0. 0.],[75.56524   14.467581   0.1422248],[70.764984   11.413848    0.17961496],[42.39607    51.561306    0.21910222],[12.290752   89.97112     0.49968088],[0. 0. 0.],[0. 0. 0.],[0. 0. 0.],[0. 0. 0.],[0. 0. 0.],[0. 0. 0.],[0. 0. 0.],[0. 0. 0.],[0. 0. 0.],[0. 0. 0.],[31.488573   96.51348     0.42671412],[26.25406    98.26212     0.39515904],[ 8.361664   92.15569     0.48005804]
[0. 0. 0.],[0. 0. 0.],[0. 0. 0.],[0. 0. 0.],[0. 0. 0.],[0. 0. 0.],[0. 0. 0.],[0. 0. 0.],[0. 0. 0.],[70.84197    10.968097    0.14205931],[42.372887  51.58451    0.1834313],[12.23118   89.267586   0.3982635],[0. 0. 0.],[0. 0. 0.],[0. 0. 0.],[0. 0. 0.],[0. 0. 0.],[0. 0. 0.],[0. 0. 0.],[0. 0. 0.],[0. 0. 0.],[0. 0. 0.],[30.223917   96.386734    0.33363557],[25.619608   98.05635     0.30981368],[ 8.871997   91.77462     0.42140034]
[0. 0. 0.],[0. 0. 0.],[0. 0. 0.],[0. 0. 0.],[0. 0. 0.],[0. 0. 0.],[0. 0. 0.],[0. 0. 0.],[0. 0. 0.],[71.18654    11.002533    0.13690288],[42.911358   50.99365     0.14326932],[12.61375    89.77111     0.33494827],[0. 0. 0.],[0. 0. 0.],[0. 0. 0.],[0. 0. 0.],[0. 0. 0.],[0. 0. 0.],[0. 0. 0.],[0. 0. 0.],[0. 0. 0.],[0. 0. 0.],[30.790867   96.231224    0.29166532],[25.543552   98.24565     0.27453396],[ 8.983483  92.194954   0.3831231]
[0. 0. 0.],[1.0630375e+02 4.8774086e+01 5.7005912e-02],[0. 0. 0.],[0. 0. 0.],[0. 0. 0.],[0. 0. 0.],[0. 0. 0.],[0. 0. 0.],[78.54567    15.784923    0.10509451],[70.90361    11.362308    0.14494316],[41.9415     51.9957      0.23039675],[12.969635   89.007744    0.43406975],[8.6190819e+01 1.6590084e+01 6.2873267e-02],[0. 0. 0.],[0. 0. 0.],[0. 0. 0.],[0. 0. 0.],[0. 0. 0.],[0. 0. 0.],[0. 0. 0.],[0. 0. 0.],[0. 0. 0.],[31.071367   95.04458     0.30937213],[26.646746   97.048134    0.28722173],[ 9.346179   92.22281     0.48429692]
[0. 0. 0.],[1.0630365e+02 4.8774036e+01 5.7045333e-02],[0. 0. 0.],[0. 0. 0.],[0. 0. 0.],[0. 0. 0.],[0. 0. 0.],[0. 0. 0.],[78.54565    15.784917    0.10509443],[70.903625   11.362308    0.14494322],[41.9415    51.9957     0.2303968],[12.969633   89.007744    0.43406975],[8.6190804e+01 1.6590080e+01 6.2873825e-02],[0. 0. 0.],[0. 0. 0.],[0. 0. 0.],[0. 0. 0.],[0. 0. 0.],[0. 0. 0.],[0. 0. 0.],[0. 0. 0.],[0. 0. 0.],[31.071373   95.044586    0.30937207],[26.64675    97.048134    0.28722167],[ 9.346179   92.22281     0.48429698]
[0. 0. 0.],[1.0630335e+02 4.8775597e+01 5.8744345e-02],[0. 0. 0.],[0. 0. 0.],[0. 0. 0.],[0. 0. 0.],[0. 0. 0.],[0. 0. 0.],[78.144936   15.785345    0.10696422],[70.90306   11.363586   0.1453395],[41.939903   52.393654    0.23299414],[12.969549   89.007706    0.43454954],[8.6190002e+01 1.6590910e+01 6.5171584e-02],[0. 0. 0.],[0. 0. 0.],[0. 0. 0.],[0. 0. 0.],[0. 0. 0.],[0. 0. 0.],[0. 0. 0.],[0. 0. 0.],[0. 0. 0.],[31.071428   95.0445      0.30982593],[26.646671  97.04812    0.2878721],[ 9.346149   92.22276     0.48462957]
[0. 0. 0.],[0. 0. 0.],[0. 0. 0.],[0. 0. 0.],[0. 0. 0.],[0. 0. 0.],[0. 0. 0.],[0. 0. 0.],[2.3153537e+02 4.5748451e+01 1.6926025e-01],[2.4822606e+02 5.0527313e+01 1.8039550e-01],[3.2207126e+02 1.7674179e+02 1.9640592e-01],[3.6730231e+02 2.5298854e+02 8.6348154e-02],[2.1009363e+02 4.3370106e+01 1.7539066e-01],[131.48315    162.46169      0.20893912],[4.5746120e+01 2.8870618e+02 2.5507915e-01],[0. 0. 0.],[0. 0. 0.],[0. 0. 0.],[0. 0. 0.],[8.6241356e+01 3.1966733e+02 1.3123283e-01],[8.1488945e+01 3.1493378e+02 1.1326341e-01],[2.1932344e+01 3.0298489e+02 1.9458580e-01],[0. 0. 0.],[0. 0. 0.],[0. 0. 0.]
[0. 0. 0.],[0. 0. 0.],[0. 0. 0.],[0. 0. 0.],[0. 0. 0.],[0. 0. 0.],[0. 0. 0.],[0. 0. 0.],[2.3128598e+02 4.7551361e+01 1.7256306e-01],[2.4700102e+02 5.2027519e+01 1.8407288e-01],[3.1871246e+02 1.7528868e+02 3.0197465e-01],[4.06067810e+02 2.78330414e+02 1.07776746e-01],[2.0890483e+02 4.5302193e+01 1.7914079e-01],[130.47038   159.58357     0.2305115],[ 43.089054   289.5652       0.29260814],[0. 0. 0.],[0. 0. 0.],[0. 0. 0.],[0. 0. 0.],[9.4615173e+01 3.2317160e+02 1.6182722e-01],[9.2368752e+01 3.1425137e+02 1.3457260e-01],[1.8416382e+01 3.0524597e+02 2.1775189e-01],[0. 0. 0.],[0. 0. 0.],[0. 0. 0.]
[0. 0. 0.],[0. 0. 0.],[0. 0. 0.],[0. 0. 0.],[0. 0. 0.],[0. 0. 0.],[0. 0. 0.],[0. 0. 0.],[2.2781927e+02 4.6672600e+01 1.7920794e-01],[2.4794385e+02 5.2592194e+01 1.8455501e-01],[3.3201114e+02 1.8282846e+02 2.5255182e-01],[4.1606311e+02 2.7043027e+02 8.3737537e-02],[2.1124316e+02 3.7203880e+01 1.8657959e-01],[134.28511   150.86331     0.2107467],[ 41.93245    291.7465       0.29631925],[0. 0. 0.],[0. 0. 0.],[0. 0. 0.],[0. 0. 0.],[8.5746872e+01 3.1897580e+02 1.3844138e-01],[0. 0. 0.],[2.0629805e+01 3.0477454e+02 2.3278639e-01],[0. 0. 0.],[0. 0. 0.],[0. 0. 0.]
[0. 0. 0.],[0. 0. 0.],[0. 0. 0.],[0. 0. 0.],[0. 0. 0.],[0. 0. 0.],[0. 0. 0.],[0. 0. 0.],[2.2895335e+02 4.6419132e+01 1.7504555e-01],[2.4846779e+02 5.3306194e+01 1.8287615e-01],[3.3226413e+02 1.8188644e+02 2.5943083e-01],[4.1721606e+02 2.7026834e+02 8.8751733e-02],[2.0944075e+02 4.0680538e+01 1.8122633e-01],[132.52228    153.18636      0.21144997],[4.1823143e+01 2.9208896e+02 2.8323740e-01],[0. 0. 0.],[0. 0. 0.],[0. 0. 0.],[0. 0. 0.],[8.5452888e+01 3.1849246e+02 1.3974619e-01],[0. 0. 0.],[1.8866461e+01 3.0587015e+02 2.2579533e-01],[0. 0. 0.],[0. 0. 0.],[0. 0. 0.]
[0. 0. 0.],[0. 0. 0.],[0. 0. 0.],[0. 0. 0.],[0. 0. 0.],[0. 0. 0.],[0. 0. 0.],[0. 0. 0.],[2.2665907e+02 4.2835857e+01 1.7903098e-01],[2.4671278e+02 5.0635509e+01 1.8439688e-01],[326.92502   179.87448     0.3630801],[4.1716455e+02 2.7122971e+02 1.3163249e-01],[2.0994716e+02 3.9492172e+01 1.8675214e-01],[133.07837    150.90225      0.23751515],[ 41.71716   291.27936     0.3257063],[0. 0. 0.],[0. 0. 0.],[0. 0. 0.],[0. 0. 0.],[9.2973717e+01 3.2246805e+02 1.6888404e-01],[9.5199944e+01 3.1467938e+02 1.4031635e-01],[1.8331194e+01 3.0687280e+02 2.4484137e-01],[0. 0. 0.],[0. 0. 0.],[0. 0. 0.]
[0. 0. 0.],[0. 0. 0.],[0. 0. 0.],[0. 0. 0.],[0. 0. 0.],[0. 0. 0.],[0. 0. 0.],[0. 0. 0.],[2.1894946e+02 3.8349380e+01 2.0051031e-01],[2.4382359e+02 4.9165970e+01 1.9074301e-01],[326.0128    180.01239     0.3552537],[4.1684592e+02 2.7085846e+02 1.3477826e-01],[208.13785     30.781748     0.20838621],[134.5972     146.49452      0.24220002],[ 39.431194  293.56216     0.3373503],[0. 0. 0.],[0. 0. 0.],[0. 0. 0.],[0. 0. 0.],[9.7825172e+01 3.2169034e+02 1.9154903e-01],[9.8904617e+01 3.1735800e+02 1.6133621e-01],[1.7804701e+01 3.0762668e+02 2.8111750e-01],[0. 0. 0.],[0. 0. 0.],[4.1793597e+02 2.7410782e+02 9.4097964e-02]
[1.1042869e+03 1.6180227e+03 2.9596129e-01],[1.1363875e+03 1.4695529e+03 2.0218609e-01],[1.1926053e+03 1.4695488e+03 2.4037442e-01],[1.3008813e+03 1.6782640e+03 5.6578314e-01],[1.4856398e+03 1.8226863e+03 5.5889469e-01],[1.0882351e+03 1.5056414e+03 1.0928264e-01],[1.3410935e+03 1.6381449e+03 3.0569348e-01],[1.4935730e+03 1.7505537e+03 4.0198952e-01],[8.3937634e+02 1.1484243e+03 3.4935206e-01],[8.1124158e+02 1.1363833e+03 4.3854845e-01],[5.8249518e+02 1.4454624e+03 5.1273966e-01],[3.3765192e+02 1.7624713e+03 6.0638797e-01],[8.6745367e+02 1.1564578e+03 2.5403905e-01],[6.1461060e+02 1.4574573e+03 4.9500006e-01],[4.1395749e+02 1.7183677e+03 6.7406905e-01],[1.1725339e+03 1.6059568e+03 2.2757949e-01],[1.1283977e+03 1.6541702e+03 1.6652721e-01],[1.1765225e+03 1.5738561e+03 1.6611190e-01],[0. 0. 0.],[5.3435376e+02 1.7785416e+03 6.1059558e-01],[5.2630865e+02 1.7625645e+03 5.3112185e-01],[3.9792188e+02 1.7384509e+03 3.1788936e-01],[4.7007617e+02 1.8187218e+03 5.6622183e-01],[4.2195374e+02 1.8267336e+03 5.0730008e-01],[3.0156793e+02 1.7825942e+03 6.1320490e-01]
[1.1042870e+03 1.6180228e+03 2.9596388e-01],[1.1363870e+03 1.4695527e+03 2.0221856e-01],[1.1926049e+03 1.4695493e+03 2.4021000e-01],[1.3008816e+03 1.6782643e+03 5.6573379e-01],[1.4856407e+03 1.8226875e+03 5.5896038e-01],[1.0882339e+03 1.5056407e+03 1.0927968e-01],[1.3410945e+03 1.6381442e+03 3.0578473e-01],[1.4935790e+03 1.7505543e+03 4.0327966e-01],[8.3937628e+02 1.1484242e+03 3.4934163e-01],[8.1124182e+02 1.1363837e+03 4.3854621e-01],[5.8249518e+02 1.4454622e+03 5.1273972e-01],[3.3765192e+02 1.7624713e+03 6.0638797e-01],[8.6745367e+02 1.1564581e+03 2.5402769e-01],[6.1461047e+02 1.4574574e+03 4.9499813e-01],[4.1395749e+02 1.7183677e+03 6.7406899e-01],[1.1725338e+03 1.6059564e+03 2.2765441e-01],[1.1283979e+03 1.6541698e+03 1.6652732e-01],[1.1765221e+03 1.5738561e+03 1.6616091e-01],[0. 0. 0.],[5.3435382e+02 1.7785417e+03 6.1059558e-01],[5.2630859e+02 1.7625645e+03 5.3112185e-01],[3.9792188e+02 1.7384509e+03 3.1788933e-01],[4.7007623e+02 1.8187218e+03 5.6622189e-01],[4.2195374e+02 1.8267340e+03 5.0730008e-01],[3.0156793e+02 1.7825945e+03 6.1320484e-01]
[1.1122939e+03 1.6220377e+03 3.0217814e-01],[1.1404285e+03 1.4815480e+03 2.4176627e-01],[1.1965747e+03 1.4735696e+03 2.9555073e-01],[1.3009106e+03 1.6782513e+03 6.3453156e-01],[1.4894998e+03 1.8227384e+03 6.2635654e-01],[1.0922467e+03 1.5217064e+03 1.3688217e-01],[1.3450978e+03 1.6420651e+03 3.2723397e-01],[1.4935933e+03 1.7505145e+03 4.8440814e-01],[8.3937823e+02 1.1484160e+03 3.5083622e-01],[8.1124768e+02 1.1363926e+03 4.3491885e-01],[5.8249408e+02 1.4454598e+03 5.1189476e-01],[3.3765161e+02 1.7624718e+03 6.0652041e-01],[8.6745599e+02 1.1564458e+03 2.6033711e-01],[6.1461206e+02 1.4574535e+03 5.0150800e-01],[4.1395679e+02 1.7183688e+03 6.7667121e-01],[1.1725000e+03 1.6099816e+03 2.3532937e-01],[1.1323667e+03 1.6581826e+03 1.8202244e-01],[1.1765140e+03 1.5819121e+03 1.6508383e-01],[0. 0. 0.],[5.3435394e+02 1.7785443e+03 6.1187738e-01],[5.2630853e+02 1.7625658e+03 5.3290486e-01],[3.9792242e+02 1.7384550e+03 3.1933805e-01],[4.7007394e+02 1.8187241e+03 5.6620502e-01],[4.2195251e+02 1.8267339e+03 5.0744611e-01],[3.0156750e+02 1.7825952e+03 6.1323404e-01]
[1.1122955e+03 1.6220365e+03 3.0327147e-01],[1.1404285e+03 1.4815487e+03 2.4246016e-01],[1.1965800e+03 1.4735693e+03 2.9654148e-01],[1.3009109e+03 1.6782523e+03 6.3444638e-01],[1.4895000e+03 1.8227405e+03 6.2584448e-01],[1.0922448e+03 1.5217083e+03 1.3701053e-01],[1.3451035e+03 1.6420669e+03 3.2892290e-01],[1.4935931e+03 1.7505150e+03 4.8349571e-01],[8.3937830e+02 1.1484155e+03 3.5088211e-01],[8.1124744e+02 1.1363925e+03 4.3499914e-01],[5.8249414e+02 1.4454603e+03 5.1189429e-01],[3.3765167e+02 1.7624720e+03 6.0652018e-01],[8.6745624e+02 1.1564457e+03 2.6030278e-01],[6.1461200e+02 1.4574528e+03 5.0151867e-01],[4.1395682e+02 1.7183687e+03 6.7667121e-01],[1.1725015e+03 1.6099811e+03 2.3593593e-01],[1.1323663e+03 1.6581826e+03 1.8277349e-01],[1.1765145e+03 1.5819114e+03 1.6540848e-01],[0. 0. 0.],[5.3435388e+02 1.7785446e+03 6.1187738e-01],[5.2630853e+02 1.7625658e+03 5.3290504e-01],[3.9792258e+02 1.7384551e+03 3.1933761e-01],[4.7007401e+02 1.8187242e+03 5.6620538e-01],[4.2195251e+02 1.8267343e+03 5.0744611e-01],[3.0156760e+02 1.7825955e+03 6.1323392e-01]
[1.1122964e+03 1.6220372e+03 3.0806676e-01],[1.1443925e+03 1.4815713e+03 2.5206676e-01],[1.1965859e+03 1.4735653e+03 2.9959613e-01],[1.3009147e+03 1.6782509e+03 6.4187467e-01],[1.4895048e+03 1.8227407e+03 6.3271838e-01],[1.0922310e+03 1.5256992e+03 1.4326282e-01],[1.3451152e+03 1.6420707e+03 3.3203149e-01],[1.4935964e+03 1.7505127e+03 4.9071908e-01],[8.3936517e+02 1.1484216e+03 3.9864913e-01],[8.1126575e+02 1.1363917e+03 4.7654381e-01],[5.8249432e+02 1.4454609e+03 5.0750327e-01],[3.3764999e+02 1.7624752e+03 6.0001546e-01],[8.5944067e+02 1.1564408e+03 3.1976297e-01],[6.1459186e+02 1.4574496e+03 5.7118511e-01],[4.1393808e+02 1.7183793e+03 7.5069845e-01],[1.1725043e+03 1.6099897e+03 2.3648922e-01],[1.1323688e+03 1.6621573e+03 1.8298826e-01],[1.1765228e+03 1.5819210e+03 1.6791990e-01],[0. 0. 0.],[5.3434894e+02 1.7785402e+03 6.8335700e-01],[5.2630157e+02 1.7625532e+03 5.9909385e-01],[3.9785828e+02 1.7384594e+03 3.6928093e-01],[4.7007385e+02 1.8187258e+03 5.6315535e-01],[4.2195062e+02 1.8267352e+03 5.0507647e-01],[3.0156369e+02 1.7825992e+03 6.0769129e-01]
[1.1122966e+03 1.6220374e+03 3.0808139e-01],[1.1443934e+03 1.4815713e+03 2.5210431e-01],[1.1965864e+03 1.4735656e+03 3.0001131e-01],[1.3009148e+03 1.6782509e+03 6.4175856e-01],[1.4895048e+03 1.8227397e+03 6.3280064e-01],[1.0922311e+03 1.5257004e+03 1.4325963e-01],[1.3451149e+03 1.6420709e+03 3.3192965e-01],[1.4935959e+03 1.7505120e+03 4.9071604e-01],[8.3936578e+02 1.1484213e+03 3.9864314e-01],[8.1126611e+02 1.1363918e+03 4.7644594e-01],[5.8249432e+02 1.4454609e+03 5.0750327e-01],[3.3764999e+02 1.7624752e+03 6.0001546e-01],[8.5944067e+02 1.1564403e+03 3.1990901e-01],[6.1459180e+02 1.4574495e+03 5.7118511e-01],[4.1393805e+02 1.7183792e+03 7.5069833e-01],[1.1725046e+03 1.6099894e+03 2.3655294e-01],[1.1323687e+03 1.6621575e+03 1.8299304e-01],[1.1765233e+03 1.5819205e+03 1.6805618e-01],[0. 0. 0.],[5.3434900e+02 1.7785403e+03 6.8335694e-01],[5.2630157e+02 1.7625532e+03 5.9909385e-01],[3.9785822e+02 1.7384590e+03 3.6928093e-01],[4.7007382e+02 1.8187258e+03 5.6315535e-01],[4.2195062e+02 1.8267352e+03 5.0507647e-01],[3.0156372e+02 1.7825996e+03 6.0769117e-01]
[1.1123002e+03 1.6220383e+03 3.0827808e-01],[1.1443992e+03 1.4815824e+03 2.5466838e-01],[1.1965938e+03 1.4775319e+03 3.0421692e-01],[1.3009187e+03 1.6782512e+03 6.4235425e-01],[1.4895071e+03 1.8227415e+03 6.3561934e-01],[1.0962485e+03 1.5257190e+03 1.4678502e-01],[1.3451145e+03 1.6420717e+03 3.4767744e-01],[1.4936133e+03 1.7505176e+03 5.0443238e-01],[8.3936530e+02 1.1484211e+03 3.9867821e-01],[8.1126660e+02 1.1363937e+03 4.7615466e-01],[5.8249438e+02 1.4454604e+03 5.0763327e-01],[3.3765005e+02 1.7624755e+03 6.0005128e-01],[8.5943982e+02 1.1564386e+03 3.2059604e-01],[6.1459192e+02 1.4574485e+03 5.7231259e-01],[4.1393805e+02 1.7183798e+03 7.5109017e-01],[1.1725079e+03 1.6099954e+03 2.3681380e-01],[1.1323734e+03 1.6621616e+03 1.8423092e-01],[1.1765271e+03 1.5819249e+03 1.6979909e-01],[0. 0. 0.],[5.3434900e+02 1.7785404e+03 6.8358469e-01],[5.2630145e+02 1.7625535e+03 5.9927315e-01],[3.9785834e+02 1.7384596e+03 3.6954910e-01],[4.7007364e+02 1.8187264e+03 5.6317168e-01],[4.2195035e+02 1.8267358e+03 5.0508821e-01],[3.0156363e+02 1.7825997e+03 6.0769939e-01]
[1.1123003e+03 1.6220393e+03 3.0821824e-01],[1.1443993e+03 1.4815820e+03 2.5478128e-01],[1.1965946e+03 1.4775308e+03 3.0439162e-01],[1.3009186e+03 1.6782504e+03 6.4236617e-01],[1.4895068e+03 1.8227416e+03 6.3555688e-01],[1.0962489e+03 1.5257197e+03 1.4677504e-01],[1.3451160e+03 1.6420723e+03 3.4764424e-01],[1.4936158e+03 1.7505184e+03 5.0468230e-01],[8.3936530e+02 1.1484209e+03 3.9865968e-01],[8.1126636e+02 1.1363937e+03 4.7611314e-01],[5.8249420e+02 1.4454598e+03 5.0763369e-01],[3.3765005e+02 1.7624755e+03 6.0005134e-01],[8.594379e+02 1.152459e+03 3.206355e-01],[6.1459204e+02 1.4574486e+03 5.7231522e-01],[4.1393802e+02 1.7183796e+03 7.5109029e-01],[1.1725071e+03 1.6099951e+03 2.3678192e-01],[1.1323738e+03 1.6621616e+03 1.8424787e-01],[1.1765265e+03 1.5819248e+03 1.6982788e-01],[0. 0. 0.],[5.3434900e+02 1.7785405e+03 6.8358481e-01],[5.2630145e+02 1.7625535e+03 5.9927320e-01],[3.9785834e+02 1.7384596e+03 3.6954921e-01],[4.7007367e+02 1.8187264e+03 5.6317174e-01],[4.2195032e+02 1.8267358e+03 5.0508815e-01],[3.0156360e+02 1.7825994e+03 6.0769933e-01]
[1.1123020e+03 1.6220427e+03 3.0622664e-01],[1.1444041e+03 1.4815808e+03 2.5672486e-01],[1.1965963e+03 1.4775314e+03 3.0472517e-01],[1.3009236e+03 1.6782478e+03 6.4575237e-01],[1.4895104e+03 1.8227426e+03 6.4290893e-01],[1.1002587e+03 1.5257223e+03 1.4868751e-01],[1.3451154e+03 1.6420699e+03 3.5612136e-01],[1.4936263e+03 1.7505222e+03 5.1100987e-01],[8.3936328e+02 1.1484218e+03 4.1377524e-01],[8.1127203e+02 1.1363951e+03 4.8533946e-01],[5.8249451e+02 1.4454602e+03 5.0687367e-01],[3.3764978e+02 1.7624757e+03 5.9860528e-01],[8.5941797e+02 1.1524525e+03 3.4088671e-01],[6.1458795e+02 1.4574475e+03 5.8608395e-01],[4.1393625e+02 1.7183804e+03 7.5809163e-01],[1.1725109e+03 1.6099973e+03 2.3755403e-01],[1.1323768e+03 1.6621678e+03 1.8328996e-01],[1.1765310e+03 1.5819216e+03 1.7100082e-01],[0. 0. 0.],[5.3434814e+02 1.7785408e+03 6.9257194e-01],[5.2630121e+02 1.7625522e+03 6.0688013e-01],[3.9785019e+02 1.7384609e+03 3.7402266e-01],[4.7007349e+02 1.8187261e+03 5.6296021e-01],[4.2195041e+02 1.8267361e+03 5.0479859e-01],[3.0156317e+02 1.7826001e+03 6.0682160e-01]
[1.1123018e+03 1.6220428e+03 3.0623022e-01],[1.1444039e+03 1.4815813e+03 2.5675112e-01],[1.1965967e+03 1.4775321e+03 3.0472863e-01],[1.3009240e+03 1.6782479e+03 6.4560658e-01],[1.4895111e+03 1.8227437e+03 6.4282084e-01],[1.1002577e+03 1.5257217e+03 1.4869663e-01],[1.3451155e+03 1.6420692e+03 3.5605031e-01],[1.4936265e+03 1.7505219e+03 5.1122040e-01],[8.3936340e+02 1.1484216e+03 4.1377333e-01],[8.1127216e+02 1.1363950e+03 4.8533955e-01],[5.8249451e+02 1.4454602e+03 5.0687367e-01],[3.3764978e+02 1.7624757e+03 5.9860528e-01],[8.5941791e+02 1.1524524e+03 3.4089172e-01],[6.1458795e+02 1.4574473e+03 5.8608395e-01],[4.1393625e+02 1.7183804e+03 7.5809163e-01],[1.1725116e+03 1.6099977e+03 2.3754382e-01],[1.1323773e+03 1.6621685e+03 1.8326494e-01],[1.1765309e+03 1.5819213e+03 1.7112404e-01],[0. 0. 0.],[5.3434814e+02 1.7785408e+03 6.9257188e-01],[5.2630121e+02 1.7625524e+03 6.0688019e-01],[3.9785025e+02 1.7384609e+03 3.7402266e-01],[4.7007352e+02 1.8187262e+03 5.6296021e-01],[4.2195047e+02 1.8267363e+03 5.0479859e-01],[3.0156317e+02 1.7826000e+03 6.0682154e-01]
[1.1123035e+03 1.6220492e+03 3.0557656e-01],[1.1444094e+03 1.4815837e+03 2.5747183e-01],[1.1966001e+03 1.4775321e+03 3.0551434e-01],[1.3009261e+03 1.6782469e+03 6.4525640e-01],[1.4895154e+03 1.8227428e+03 6.4405417e-01],[1.1002599e+03 1.5297258e+03 1.4940980e-01],[1.3451149e+03 1.6420703e+03 3.6051518e-01],[1.4936345e+03 1.7505255e+03 5.1522225e-01],[8.3936389e+02 1.1484214e+03 4.1385618e-01],[8.1127313e+02 1.1363956e+03 4.8530135e-01],[5.8249463e+02 1.4454606e+03 5.0687951e-01],[3.3764969e+02 1.7624752e+03 5.9860820e-01],[8.5941876e+02 1.1524517e+03 3.4110677e-01],[6.1458807e+02 1.4574469e+03 5.8633894e-01],[4.1393631e+02 1.7183809e+03 7.5816095e-01],[1.1725181e+03 1.6100031e+03 2.3778737e-01],[1.1323810e+03 1.6621720e+03 1.8273807e-01],[1.1765421e+03 1.5819260e+03 1.7242549e-01],[0. 0. 0.],[5.3434827e+02 1.7785409e+03 6.9261312e-01],[5.2630121e+02 1.7625527e+03 6.0692638e-01],[3.9785031e+02 1.7384607e+03 3.7407860e-01],[4.7007346e+02 1.8187262e+03 5.6296068e-01],[4.2195026e+02 1.8267357e+03 5.0479406e-01],[3.0156323e+02 1.7826001e+03 6.0682017e-01]
[1.1123035e+03 1.6220493e+03 3.0519101e-01],[1.1444092e+03 1.4815822e+03 2.5757131e-01],[1.1965985e+03 1.4775316e+03 3.0557260e-01],[1.3009260e+03 1.6782465e+03 6.4514405e-01],[1.4895159e+03 1.8227426e+03 6.4424908e-01],[1.1002604e+03 1.5297267e+03 1.4935340e-01],[1.3451147e+03 1.6420712e+03 3.6070651e-01],[1.4936350e+03 1.7505259e+03 5.1528394e-01],[8.3936401e+02 1.1484207e+03 4.1403940e-01],[8.1127411e+02 1.1363951e+03 4.8544163e-01],[5.824945e+02 1.445460e+03 5.068827e-01],[3.3764969e+02 1.7624752e+03 5.9860826e-01],[8.5941907e+02 1.1524509e+03 3.4135157e-01],[6.1458801e+02 1.4574473e+03 5.8633739e-01],[4.1393628e+02 1.7183805e+03 7.5816083e-01],[1.1725178e+03 1.6100051e+03 2.3783894e-01],[1.1323815e+03 1.6621708e+03 1.8257205e-01],[1.1765420e+03 1.5819264e+03 1.7225800e-01],[0. 0. 0.],[5.3434814e+02 1.7785409e+03 6.9261336e-01],[5.2630115e+02 1.7625529e+03 6.0692793e-01],[3.9785031e+02 1.7384607e+03 3.7407860e-01],[4.7007349e+02 1.8187263e+03 5.6296068e-01],[4.2195032e+02 1.8267357e+03 5.0479406e-01],[3.0156323e+02 1.7826001e+03 6.0682017e-01]
[1.1123051e+03 1.6220487e+03 3.0672747e-01],[1.1444120e+03 1.4815809e+03 2.5747651e-01],[1.1966007e+03 1.4775304e+03 3.0500209e-01],[1.3009252e+03 1.6782466e+03 6.4375269e-01],[1.489514e+03 1.822741e+03 6.384041e-01],[1.1002670e+03 1.5297258e+03 1.4871502e-01],[1.3451156e+03 1.6420704e+03 3.6093980e-01],[1.4936351e+03 1.7505269e+03 5.1472658e-01],[8.3936456e+02 1.1484189e+03 4.0978810e-01],[8.112735e+02 1.136394e+03 4.801688e-01],[5.824945e+02 1.445460e+03 5.071446e-01],[3.3764972e+02 1.7624755e+03 5.9876078e-01],[8.5942126e+02 1.1524482e+03 3.3883524e-01],[6.1458954e+02 1.4574468e+03 5.8263671e-01],[4.1393665e+02 1.7183807e+03 7.5729072e-01],[1.1725190e+03 1.6100084e+03 2.3824367e-01],[1.1323829e+03 1.6621693e+03 1.8221374e-01],[1.1765439e+03 1.5819252e+03 1.7267171e-01],[0. 0. 0.],[5.3435004e+02 1.7785410e+03 6.9120032e-01],[5.2630273e+02 1.7625526e+03 6.0602695e-01],[3.9785117e+02 1.7384620e+03 3.7312111e-01],[4.7007346e+02 1.8187262e+03 5.6299883e-01],[4.2195026e+02 1.8267358e+03 5.0485414e-01],[3.0156326e+02 1.7825999e+03 6.0694122e-01]
[1.1123052e+03 1.6220492e+03 3.0672687e-01],[1.1444117e+03 1.4815807e+03 2.5746959e-01],[1.1966010e+03 1.4775303e+03 3.0500361e-01],[1.3009250e+03 1.6782465e+03 6.4376599e-01],[1.4895149e+03 1.8227418e+03 6.3840717e-01],[1.1002672e+03 1.5297257e+03 1.4871334e-01],[1.3451150e+03 1.6420702e+03 3.6095113e-01],[1.4936349e+03 1.7505265e+03 5.1471221e-01],[8.3936456e+02 1.1484187e+03 4.0978715e-01],[8.1127338e+02 1.1363942e+03 4.8016676e-01],[5.8249451e+02 1.4454603e+03 5.0714457e-01],[3.3764972e+02 1.7624753e+03 5.9876078e-01],[8.5942145e+02 1.1524489e+03 3.3883613e-01],[6.1458972e+02 1.4574469e+03 5.8263677e-01],[4.1393668e+02 1.7183809e+03 7.5729066e-01],[1.1725189e+03 1.6100079e+03 2.3824355e-01],[1.1323828e+03 1.6621691e+03 1.8221702e-01],[1.1765443e+03 1.5819254e+03 1.7265557e-01],[0. 0. 0.],[5.3435004e+02 1.7785410e+03 6.9120032e-01],[5.2630273e+02 1.7625525e+03 6.0602701e-01],[3.9785114e+02 1.7384619e+03 3.7312105e-01],[4.7007349e+02 1.8187262e+03 5.6299877e-01],[4.2195026e+02 1.8267357e+03 5.0485414e-01],[3.0156329e+02 1.7826001e+03 6.0694122e-01]
[1.1123047e+03 1.6220493e+03 3.0629030e-01],[1.1444126e+03 1.4815782e+03 2.5771770e-01],[1.1965829e+03 1.4735730e+03 3.0533785e-01],[1.3009247e+03 1.6782468e+03 6.4361703e-01],[1.4895142e+03 1.8227407e+03 6.3853979e-01],[1.1002667e+03 1.5297227e+03 1.4867079e-01],[1.3451155e+03 1.6420690e+03 3.6080545e-01],[1.4936342e+03 1.7505269e+03 5.1473230e-01],[8.3936383e+02 1.1484189e+03 4.0991902e-01],[8.1127417e+02 1.1363947e+03 4.8029646e-01],[5.8249451e+02 1.4454598e+03 5.0717241e-01],[3.3764972e+02 1.7624750e+03 5.9876215e-01],[8.5942059e+02 1.1524485e+03 3.3880669e-01],[6.1458966e+02 1.4574468e+03 5.8263910e-01],[4.1393665e+02 1.7183809e+03 7.5728381e-01],[1.1725182e+03 1.6100093e+03 2.3826028e-01],[1.1323829e+03 1.6621680e+03 1.8189198e-01],[1.1765442e+03 1.5819224e+03 1.7290731e-01],[0. 0. 0.],[5.3434979e+02 1.7785406e+03 6.9119883e-01],[5.2630255e+02 1.7625521e+03 6.0602731e-01],[3.9785107e+02 1.7384618e+03 3.7312096e-01],[4.7007352e+02 1.8187263e+03 5.6300575e-01],[4.2195020e+02 1.8267357e+03 5.0486094e-01],[3.0156326e+02 1.7826001e+03 6.0694379e-01]
